[
	{
		"name": "FLAILTRAP_STAND",
		"rotatable": false,
		"fp_offset_x": 42,
		"fp_offset_y": 69,
		"td_offset_x": 36,
		"td_offset_y": 58,
		"fp": [
			[
				{
					"file": "stand_fp/rotation03_frame01.png"
				},
				{
					"file": "stand_fp/rotation03_frame02.png"
				},
				{
					"file": "stand_fp/rotation03_frame03.png"
				},
				{
					"file": "stand_fp/rotation03_frame04.png"
				},
				{
					"file": "stand_fp/rotation03_frame05.png"
				},
				{
					"file": "stand_fp/rotation03_frame06.png"
				},
				{
					"file": "stand_fp/rotation03_frame07.png"
				},
				{
					"file": "stand_fp/rotation03_frame08.png"
				},
				{
					"file": "stand_fp/rotation03_frame09.png"
				}
			]
		],
		"td": [
			[

				{
					"file": "stand_td/rotation03_frame01.png"
				},
				{
					"file": "stand_td/rotation03_frame02.png"
				},
				{
					"file": "stand_td/rotation03_frame03.png"
				},
				{
					"file": "stand_td/rotation03_frame04.png"
				},
				{
					"file": "stand_td/rotation03_frame05.png"
				},
				{
					"file": "stand_td/rotation03_frame06.png"
				},
				{
					"file": "stand_td/rotation03_frame07.png"
				},
				{
					"file": "stand_td/rotation03_frame08.png"
				},
				{
					"file": "stand_td/rotation03_frame09.png"
				}
			]
		]
	}
]