[
	{
		"name": "BIRD_ATTACK",
		"rotatable": true,
		"fp_offset_x": 26,
		"fp_offset_y": 28,
		"td_offset_x": 22,
		"td_offset_y": 23,
		"fp": [
			[
				{
					"file": "attack_fp/rotation01_frame01.png"
				},
				{
					"file": "attack_fp/rotation01_frame02.png"
				},
				{
					"file": "attack_fp/rotation01_frame03.png"
				},
				{
					"file": "attack_fp/rotation01_frame04.png"
				},
				{
					"file": "attack_fp/rotation01_frame05.png"
				},
				{
					"file": "attack_fp/rotation01_frame06.png"
				}
			],
			[
				{
					"file": "attack_fp/rotation02_frame01.png"
				},
				{
					"file": "attack_fp/rotation02_frame02.png"
				},
				{
					"file": "attack_fp/rotation02_frame03.png"
				},
				{
					"file": "attack_fp/rotation02_frame04.png"
				},
				{
					"file": "attack_fp/rotation02_frame05.png"
				},
				{
					"file": "attack_fp/rotation02_frame06.png"
				}
			],
			[
				{
					"file": "attack_fp/rotation03_frame01.png"
				},
				{
					"file": "attack_fp/rotation03_frame02.png"
				},
				{
					"file": "attack_fp/rotation03_frame03.png"
				},
				{
					"file": "attack_fp/rotation03_frame04.png"
				},
				{
					"file": "attack_fp/rotation03_frame05.png"
				},
				{
					"file": "attack_fp/rotation03_frame06.png"
				}
			],
			[
				{
					"file": "attack_fp/rotation04_frame01.png"
				},
				{
					"file": "attack_fp/rotation04_frame02.png"
				},
				{
					"file": "attack_fp/rotation04_frame03.png"
				},
				{
					"file": "attack_fp/rotation04_frame04.png"
				},
				{
					"file": "attack_fp/rotation04_frame05.png"
				},
				{
					"file": "attack_fp/rotation04_frame06.png"
				}
			],
			[
				{
					"file": "attack_fp/rotation05_frame01.png"
				},
				{
					"file": "attack_fp/rotation05_frame02.png"
				},
				{
					"file": "attack_fp/rotation05_frame03.png"
				},
				{
					"file": "attack_fp/rotation05_frame04.png"
				},
				{
					"file": "attack_fp/rotation05_frame05.png"
				},
				{
					"file": "attack_fp/rotation05_frame06.png"
				}
			]
		],
		"td": [
			[
				{
					"file": "attack_td/rotation01_frame01.png"
				},
				{
					"file": "attack_td/rotation01_frame02.png"
				},
				{
					"file": "attack_td/rotation01_frame03.png"
				},
				{
					"file": "attack_td/rotation01_frame04.png"
				},
				{
					"file": "attack_td/rotation01_frame05.png"
				},
				{
					"file": "attack_td/rotation01_frame06.png"
				}
			],
			[
				{
					"file": "attack_td/rotation02_frame01.png"
				},
				{
					"file": "attack_td/rotation02_frame02.png"
				},
				{
					"file": "attack_td/rotation02_frame03.png"
				},
				{
					"file": "attack_td/rotation02_frame04.png"
				},
				{
					"file": "attack_td/rotation02_frame05.png"
				},
				{
					"file": "attack_td/rotation02_frame06.png"
				}
			],
			[
				{
					"file": "attack_td/rotation03_frame01.png"
				},
				{
					"file": "attack_td/rotation03_frame02.png"
				},
				{
					"file": "attack_td/rotation03_frame03.png"
				},
				{
					"file": "attack_td/rotation03_frame04.png"
				},
				{
					"file": "attack_td/rotation03_frame05.png"
				},
				{
					"file": "attack_td/rotation03_frame06.png"
				}
			],
			[
				{
					"file": "attack_td/rotation04_frame01.png"
				},
				{
					"file": "attack_td/rotation04_frame02.png"
				},
				{
					"file": "attack_td/rotation04_frame03.png"
				},
				{
					"file": "attack_td/rotation04_frame04.png"
				},
				{
					"file": "attack_td/rotation04_frame05.png"
				},
				{
					"file": "attack_td/rotation04_frame06.png"
				}
			],
			[
				{
					"file": "attack_td/rotation05_frame01.png"
				},
				{
					"file": "attack_td/rotation05_frame02.png"
				},
				{
					"file": "attack_td/rotation05_frame03.png"
				},
				{
					"file": "attack_td/rotation05_frame04.png"
				},
				{
					"file": "attack_td/rotation05_frame05.png"
				},
				{
					"file": "attack_td/rotation05_frame06.png"
				}
			]
		]
	},
	{
		"name": "BIRD_EATCHICKEN",
		"rotatable": false,
		"fp_offset_x": 25,
		"fp_offset_y": 22,
		"td_offset_x": 21,
		"td_offset_y": 25,
		"fp": [
			[
				{
					"file": "eatchicken_fp/rotation02_frame01.png"
				},
				{
					"file": "eatchicken_fp/rotation02_frame02.png"
				},
				{
					"file": "eatchicken_fp/rotation02_frame03.png"
				},
				{
					"file": "eatchicken_fp/rotation02_frame04.png"
				},
				{
					"file": "eatchicken_fp/rotation02_frame05.png"
				},
				{
					"file": "eatchicken_fp/rotation02_frame06.png"
				}
			]
		],
		"td": [
			[
				{
					"file": "eatchicken_td/rotation02_frame01.png"
				},
				{
					"file": "eatchicken_td/rotation02_frame02.png"
				},
				{
					"file": "eatchicken_td/rotation02_frame03.png"
				},
				{
					"file": "eatchicken_td/rotation02_frame04.png"
				},
				{
					"file": "eatchicken_td/rotation02_frame05.png"
				},
				{
					"file": "eatchicken_td/rotation02_frame06.png"
				}
			]
		]
	},
	{
		"name": "BIRD_SLEEP",
		"rotatable": false,
		"fp_offset_x": 22,
		"fp_offset_y": 58,
		"td_offset_x": 18,
		"td_offset_y": 51,
		"fp": [
			[
				{
					"file": "sleep_fp/rotation02_frame01.png"
				},
				{
					"file": "sleep_fp/rotation02_frame02.png"
				},
				{
					"file": "sleep_fp/rotation02_frame03.png"
				}
			]
		],
		"td": [
			[
				{
					"file": "sleep_td/rotation02_frame01.png"
				},
				{
					"file": "sleep_td/rotation02_frame02.png"
				},
				{
					"file": "sleep_td/rotation02_frame03.png"
				}
			]
		]
	},
	{
		"name": "BIRD_LAIR",
		"rotatable": false,
		"fp_offset_x": 58,
		"fp_offset_y": 75,
		"td_offset_x": 48,
		"td_offset_y": 60,
		"fp": [
			[
				{
					"file": "lair_fp/rotation02_frame01.png"
				}
			]
		],
		"td": [
			[
				{
					"file": "lair_td/rotation02_frame01.png"
				}
			]
		]
	},
	{
		"name": "BIRD_POWERGRAB",
		"rotatable": false,
		"fp_offset_x": 22,
		"fp_offset_y": 44,
		"td_offset_x": 22,
		"td_offset_y": 36,
		"fp": [
			[

				{
					"file": "powergrab_fp/rotation02_frame01.png"
				},
				{
					"file": "powergrab_fp/rotation02_frame02.png"
				},
				{
					"file": "powergrab_fp/rotation02_frame03.png"
				},
				{
					"file": "powergrab_fp/rotation02_frame04.png"
				},
				{
					"file": "powergrab_fp/rotation02_frame05.png"
				},
				{
					"file": "powergrab_fp/rotation02_frame06.png"
				},
				{
					"file": "powergrab_fp/rotation02_frame07.png"
				},
				{
					"file": "powergrab_fp/rotation02_frame08.png"
				}
			]
		],
		"td": [
			[
				{
					"file": "powergrab_td/rotation02_frame01.png"
				},
				{
					"file": "powergrab_td/rotation02_frame02.png"
				},
				{
					"file": "powergrab_td/rotation02_frame03.png"
				},
				{
					"file": "powergrab_td/rotation02_frame04.png"
				},
				{
					"file": "powergrab_td/rotation02_frame05.png"
				},
				{
					"file": "powergrab_td/rotation02_frame06.png"
				},
				{
					"file": "powergrab_td/rotation02_frame07.png"
				},
				{
					"file": "powergrab_td/rotation02_frame08.png"
				}
			]
		]
	},
	{
		"name": "BIRD_CELEBRATE",
		"rotatable": false,
		"fp_offset_x": 26,
		"fp_offset_y": 28,
		"td_offset_x": 21,
		"td_offset_y": 23,
		"fp": [
			[
				{
					"file": "stand_fp/rotation01_frame01.png"
				},
				{
					"file": "stand_fp/rotation01_frame02.png"
				},
				{
					"file": "stand_fp/rotation01_frame03.png"
				},
				{
					"file": "stand_fp/rotation01_frame04.png"
				},
				{
					"file": "stand_fp/rotation01_frame05.png"
				},
				{
					"file": "stand_fp/rotation01_frame06.png"
				},
				{
					"file": "stand_fp/rotation01_frame07.png"
				},
				{
					"file": "stand_fp/rotation01_frame08.png"
				}
			]
		],
		"td": [
			[
				{
					"file": "stand_td/rotation01_frame01.png"
				},
				{
					"file": "stand_td/rotation01_frame02.png"
				},
				{
					"file": "stand_td/rotation01_frame03.png"
				},
				{
					"file": "stand_td/rotation01_frame04.png"
				},
				{
					"file": "stand_td/rotation01_frame05.png"
				},
				{
					"file": "stand_td/rotation01_frame06.png"
				},
				{
					"file": "stand_td/rotation01_frame07.png"
				},
				{
					"file": "stand_td/rotation01_frame08.png"
				}
			]
		]
	},
	{
		"name": "BIRD_STAND",
		"rotatable": true,
		"fp_offset_x": 26,
		"fp_offset_y": 28,
		"td_offset_x": 21,
		"td_offset_y": 23,
		"fp": [
			[
				{
					"file": "stand_fp/rotation01_frame01.png"
				},
				{
					"file": "stand_fp/rotation01_frame02.png"
				},
				{
					"file": "stand_fp/rotation01_frame03.png"
				},
				{
					"file": "stand_fp/rotation01_frame04.png"
				},
				{
					"file": "stand_fp/rotation01_frame05.png"
				},
				{
					"file": "stand_fp/rotation01_frame06.png"
				},
				{
					"file": "stand_fp/rotation01_frame07.png"
				},
				{
					"file": "stand_fp/rotation01_frame08.png"
				}
			],
			[
				{
					"file": "stand_fp/rotation02_frame01.png"
				},
				{
					"file": "stand_fp/rotation02_frame02.png"
				},
				{
					"file": "stand_fp/rotation02_frame03.png"
				},
				{
					"file": "stand_fp/rotation02_frame04.png"
				},
				{
					"file": "stand_fp/rotation02_frame05.png"
				},
				{
					"file": "stand_fp/rotation02_frame06.png"
				},
				{
					"file": "stand_fp/rotation02_frame07.png"
				},
				{
					"file": "stand_fp/rotation02_frame08.png"
				}
			],
			[
				{
					"file": "stand_fp/rotation03_frame01.png"
				},
				{
					"file": "stand_fp/rotation03_frame02.png"
				},
				{
					"file": "stand_fp/rotation03_frame03.png"
				},
				{
					"file": "stand_fp/rotation03_frame04.png"
				},
				{
					"file": "stand_fp/rotation03_frame05.png"
				},
				{
					"file": "stand_fp/rotation03_frame06.png"
				},
				{
					"file": "stand_fp/rotation03_frame07.png"
				},
				{
					"file": "stand_fp/rotation03_frame08.png"
				}
			],
			[
				{
					"file": "stand_fp/rotation04_frame01.png"
				},
				{
					"file": "stand_fp/rotation04_frame02.png"
				},
				{
					"file": "stand_fp/rotation04_frame03.png"
				},
				{
					"file": "stand_fp/rotation04_frame04.png"
				},
				{
					"file": "stand_fp/rotation04_frame05.png"
				},
				{
					"file": "stand_fp/rotation04_frame06.png"
				},
				{
					"file": "stand_fp/rotation04_frame07.png"
				},
				{
					"file": "stand_fp/rotation04_frame08.png"
				}
			],
			[
				{
					"file": "stand_fp/rotation05_frame01.png"
				},
				{
					"file": "stand_fp/rotation05_frame02.png"
				},
				{
					"file": "stand_fp/rotation05_frame03.png"
				},
				{
					"file": "stand_fp/rotation05_frame04.png"
				},
				{
					"file": "stand_fp/rotation05_frame05.png"
				},
				{
					"file": "stand_fp/rotation05_frame06.png"
				},
				{
					"file": "stand_fp/rotation05_frame07.png"
				},
				{
					"file": "stand_fp/rotation05_frame08.png"
				}
			]
		],
		"td": [
			[
				{
					"file": "stand_td/rotation01_frame01.png"
				},
				{
					"file": "stand_td/rotation01_frame02.png"
				},
				{
					"file": "stand_td/rotation01_frame03.png"
				},
				{
					"file": "stand_td/rotation01_frame04.png"
				},
				{
					"file": "stand_td/rotation01_frame05.png"
				},
				{
					"file": "stand_td/rotation01_frame06.png"
				},
				{
					"file": "stand_td/rotation01_frame07.png"
				},
				{
					"file": "stand_td/rotation01_frame08.png"
				}
			],
			[
				{
					"file": "stand_td/rotation02_frame01.png"
				},
				{
					"file": "stand_td/rotation02_frame02.png"
				},
				{
					"file": "stand_td/rotation02_frame03.png"
				},
				{
					"file": "stand_td/rotation02_frame04.png"
				},
				{
					"file": "stand_td/rotation02_frame05.png"
				},
				{
					"file": "stand_td/rotation02_frame06.png"
				},
				{
					"file": "stand_td/rotation02_frame07.png"
				},
				{
					"file": "stand_td/rotation02_frame08.png"
				}
			],
			[
				{
					"file": "stand_td/rotation03_frame01.png"
				},
				{
					"file": "stand_td/rotation03_frame02.png"
				},
				{
					"file": "stand_td/rotation03_frame03.png"
				},
				{
					"file": "stand_td/rotation03_frame04.png"
				},
				{
					"file": "stand_td/rotation03_frame05.png"
				},
				{
					"file": "stand_td/rotation03_frame06.png"
				},
				{
					"file": "stand_td/rotation03_frame07.png"
				},
				{
					"file": "stand_td/rotation03_frame08.png"
				}
			],
			[
				{
					"file": "stand_td/rotation04_frame01.png"
				},
				{
					"file": "stand_td/rotation04_frame02.png"
				},
				{
					"file": "stand_td/rotation04_frame03.png"
				},
				{
					"file": "stand_td/rotation04_frame04.png"
				},
				{
					"file": "stand_td/rotation04_frame05.png"
				},
				{
					"file": "stand_td/rotation04_frame06.png"
				},
				{
					"file": "stand_td/rotation04_frame07.png"
				},
				{
					"file": "stand_td/rotation04_frame08.png"
				}
			],
			[
				{
					"file": "stand_td/rotation05_frame01.png"
				},
				{
					"file": "stand_td/rotation05_frame02.png"
				},
				{
					"file": "stand_td/rotation05_frame03.png"
				},
				{
					"file": "stand_td/rotation05_frame04.png"
				},
				{
					"file": "stand_td/rotation05_frame05.png"
				},
				{
					"file": "stand_td/rotation05_frame06.png"
				},
				{
					"file": "stand_td/rotation05_frame07.png"
				},
				{
					"file": "stand_td/rotation05_frame08.png"
				}
			]
		]
	},
	{
		"name": "BIRD_SCREAM",
		"rotatable": false,
		"fp_offset_x": 22,
		"fp_offset_y": 28,
		"td_offset_x": 18,
		"td_offset_y": 24,
		"fp": [
			[
				{
					"file": "scream_fp/rotation02_frame01.png"
				},
				{
					"file": "scream_fp/rotation02_frame02.png"
				},
				{
					"file": "scream_fp/rotation02_frame03.png"
				},
				{
					"file": "scream_fp/rotation02_frame04.png"
				}
			]
		],
		"td": [
			[
				{
					"file": "scream_td/rotation02_frame01.png"
				},
				{
					"file": "scream_td/rotation02_frame02.png"
				},
				{
					"file": "scream_td/rotation02_frame03.png"
				},
				{
					"file": "scream_td/rotation02_frame04.png"
				}
			]
		]
	},
	{
		"name": "BIRD_DROPDEAD",
		"rotatable": false,
		"fp_offset_x": 27,
		"fp_offset_y": 24,
		"td_offset_x": 22,
		"td_offset_y": 17,
		"fp": [
			[
				{
					"file": "dropdead_fp/rotation02_frame01.png"
				},
				{
					"file": "dropdead_fp/rotation02_frame02.png"
				},
				{
					"file": "dropdead_fp/rotation02_frame03.png"
				},
				{
					"file": "dropdead_fp/rotation02_frame04.png"
				}
			]
		],
		"td": [
			[
				{
					"file": "dropdead_td/rotation02_frame01.png"
				},
				{
					"file": "dropdead_td/rotation02_frame02.png"
				},
				{
					"file": "dropdead_td/rotation02_frame03.png"
				},
				{
					"file": "dropdead_td/rotation02_frame04.png"
				}
			]
		]
	}
]