[

{
"name": "DSALAMANDER_STAND",
"rotatable": true,
"fp_offset_x": 65,
"fp_offset_y": 80,
"td_offset_x": 65,
"td_offset_y": 68,

	"fp":
	[
	[{"file": "IDLE_FP/1A.png"}],
	[{"file": "IDLE_FP/2A.png"}],
	[{"file": "IDLE_FP/3A.png"}],
	[{"file": "IDLE_FP/4A.png"}],
	[{"file": "IDLE_FP/5A.png"}]
	],
		"td":
		[
		[{"file": "IDLE_TD/1A.png"}],
		[{"file": "IDLE_TD/2A.png"}],
		[{"file": "IDLE_TD/3A.png"}],
		[{"file": "IDLE_TD/4A.png"}],
		[{"file": "IDLE_TD/5A.png"}]
		]
},






{
"name": "DSALAMANDER_HIT",
"rotatable": true,
"fp_offset_x": 66,"fp_offset_y": 87,
"td_offset_x": 66,"td_offset_y": 66,

"fp":
[
	[{"file": "HIT_FP/1A.png"}],
	[{"file": "HIT_FP/2A.png"}],
	[{"file": "HIT_FP/3A.png"}],
	[{"file": "HIT_FP/4A.png"}],
	[{"file": "HIT_FP/5A.png"}]
	],
		"td":
		[
		[{"file": "HIT_TD/1A.png"}],
		[{"file": "HIT_TD/2A.png"}],
		[{"file": "HIT_TD/3A.png"}],
		[{"file": "HIT_TD/4A.png"}],
		[{"file": "HIT_TD/5A.png"}]
		]
},







{
"name": "DSALAMANDER_WALK",
"rotatable": true,
"fp_offset_x": 60,
"fp_offset_y": 91,
"td_offset_x": 62,
"td_offset_y": 73,

	"fp":
	[
	[
	{"file": "WALK_FP/1A.png"},
	{"file": "WALK_FP/1B.png"},
	{"file": "WALK_FP/1C.png"},
	{"file": "WALK_FP/1D.png"},
	{"file": "WALK_FP/1E.png"},
	{"file": "WALK_FP/1F.png"}
	],
	[
	{"file": "WALK_FP/2A.png"},
	{"file": "WALK_FP/2B.png"},
	{"file": "WALK_FP/2C.png"},
	{"file": "WALK_FP/2D.png"},
	{"file": "WALK_FP/2E.png"},
	{"file": "WALK_FP/2F.png"}
	],
	[
	{"file": "WALK_FP/3A.png"},
	{"file": "WALK_FP/3B.png"},
	{"file": "WALK_FP/3C.png"},
	{"file": "WALK_FP/3D.png"},
	{"file": "WALK_FP/3E.png"},
	{"file": "WALK_FP/3F.png"}
	],
	[
	{"file": "WALK_FP/4A.png"},
	{"file": "WALK_FP/4B.png"},
	{"file": "WALK_FP/4C.png"},
	{"file": "WALK_FP/4D.png"},
	{"file": "WALK_FP/4E.png"},
	{"file": "WALK_FP/4F.png"}
	],
	[
	{"file": "WALK_FP/5A.png"},
	{"file": "WALK_FP/5B.png"},
	{"file": "WALK_FP/5C.png"},
	{"file": "WALK_FP/5D.png"},
	{"file": "WALK_FP/5E.png"},
	{"file": "WALK_FP/5F.png"}
	]
	],

		"td":
		[
		[
		{"file": "WALK_TD/1A.png"},
		{"file": "WALK_TD/1B.png"},
		{"file": "WALK_TD/1C.png"},
		{"file": "WALK_TD/1D.png"},
		{"file": "WALK_TD/1E.png"},
		{"file": "WALK_TD/1F.png"}
		],
		[
		{"file": "WALK_TD/2A.png"},
		{"file": "WALK_TD/2B.png"},
		{"file": "WALK_TD/2C.png"},
		{"file": "WALK_TD/2D.png"},
		{"file": "WALK_TD/2E.png"},
		{"file": "WALK_TD/2F.png"}
		],
		[
		{"file": "WALK_TD/3A.png"},
		{"file": "WALK_TD/3B.png"},
		{"file": "WALK_TD/3C.png"},
		{"file": "WALK_TD/3D.png"},
		{"file": "WALK_TD/3E.png"},
		{"file": "WALK_TD/3F.png"}
		],
		[
		{"file": "WALK_TD/4A.png"},
		{"file": "WALK_TD/4B.png"},
		{"file": "WALK_TD/4C.png"},
		{"file": "WALK_TD/4D.png"},
		{"file": "WALK_TD/4E.png"},
		{"file": "WALK_TD/4F.png"}
		],
		[
		{"file": "WALK_TD/5A.png"},
		{"file": "WALK_TD/5B.png"},
		{"file": "WALK_TD/5C.png"},
		{"file": "WALK_TD/5D.png"},
		{"file": "WALK_TD/5E.png"},
		{"file": "WALK_TD/5F.png"}
		]
		
		]
},
		









{
"name": "DSALAMANDER_ATTACK",
"rotatable": true,
"fp_offset_x": 66,
"fp_offset_y": 92,
"td_offset_x": 63,
"td_offset_y": 71,

	"fp":
	[
	[
	{"file": "MELEE_FP/1A.png"},
	{"file": "MELEE_FP/1B.png"},
	{"file": "MELEE_FP/1C.png"},
	{"file": "MELEE_FP/1D.png"},
	{"file": "MELEE_FP/1E.png"},
	{"file": "MELEE_FP/1F.png"}
	],
	[
	{"file": "MELEE_FP/2A.png"},
	{"file": "MELEE_FP/2B.png"},
	{"file": "MELEE_FP/2C.png"},
	{"file": "MELEE_FP/2D.png"},
	{"file": "MELEE_FP/2E.png"},
	{"file": "MELEE_FP/2F.png"}
	],
	[
	{"file": "MELEE_FP/3A.png"},
	{"file": "MELEE_FP/3B.png"},
	{"file": "MELEE_FP/3C.png"},
	{"file": "MELEE_FP/3D.png"},
	{"file": "MELEE_FP/3E.png"},
	{"file": "MELEE_FP/3F.png"}
	],
	[
	{"file": "MELEE_FP/4A.png"},
	{"file": "MELEE_FP/4B.png"},
	{"file": "MELEE_FP/4C.png"},
	{"file": "MELEE_FP/4D.png"},
	{"file": "MELEE_FP/4E.png"},
	{"file": "MELEE_FP/4F.png"}
	],
	[
	{"file": "MELEE_FP/5A.png"},
	{"file": "MELEE_FP/5B.png"},
	{"file": "MELEE_FP/5C.png"},
	{"file": "MELEE_FP/5D.png"},
	{"file": "MELEE_FP/5E.png"},
	{"file": "MELEE_FP/5F.png"}
	]
	],
		"td":
		[
		[
		{"file": "MELEE_TD/1A.png"},
		{"file": "MELEE_TD/1B.png"},
		{"file": "MELEE_TD/1C.png"},
		{"file": "MELEE_TD/1D.png"},
		{"file": "MELEE_TD/1E.png"},
		{"file": "MELEE_TD/1F.png"}
		],

		[
		{"file": "MELEE_TD/2A.png"},
		{"file": "MELEE_TD/2B.png"},
		{"file": "MELEE_TD/2C.png"},
		{"file": "MELEE_TD/2D.png"},
		{"file": "MELEE_TD/2E.png"},
		{"file": "MELEE_TD/2F.png"}
		],
				
		[
		{"file": "MELEE_TD/3A.png"},
		{"file": "MELEE_TD/3B.png"},
		{"file": "MELEE_TD/3C.png"},
		{"file": "MELEE_TD/3D.png"},
		{"file": "MELEE_TD/3E.png"},
		{"file": "MELEE_TD/3F.png"}
		],

		[
		{"file": "MELEE_TD/4A.png"},
		{"file": "MELEE_TD/4B.png"},
		{"file": "MELEE_TD/4C.png"},
		{"file": "MELEE_TD/4D.png"},
		{"file": "MELEE_TD/4E.png"},
		{"file": "MELEE_TD/4F.png"}
		],

		[
		{"file": "MELEE_TD/5A.png"},
		{"file": "MELEE_TD/5B.png"},
		{"file": "MELEE_TD/5C.png"},
		{"file": "MELEE_TD/5D.png"},
		{"file": "MELEE_TD/5E.png"},
		{"file": "MELEE_TD/5F.png"}
		]
		]
},
















{
"name": "DSALAMANDER_GRAB",
"rotatable": false,
"fp_offset_x": 53,
"fp_offset_y": 25,
"td_offset_x": 53,
"td_offset_y": 25,

	"fp":
	[
	[
	{"file": "GRAB/1A.png"},
	{"file": "GRAB/1A.png"},
	{"file": "GRAB/1B.png"},
	{"file": "GRAB/1B.png"},
	{"file": "GRAB/1C.png"},
	{"file": "GRAB/1C.png"},
	{"file": "GRAB/1D.png"},
	{"file": "GRAB/1D.png"}
	]
	],
		"td":
		[
		[
		{"file": "GRAB/1A.png"},
		{"file": "GRAB/1A.png"},
		{"file": "GRAB/1B.png"},
		{"file": "GRAB/1B.png"},
		{"file": "GRAB/1C.png"},
		{"file": "GRAB/1C.png"},
		{"file": "GRAB/1D.png"},
		{"file": "GRAB/1D.png"}
		]
		]
},






{
"name": "DSALAMANDER_CHEER",
"rotatable": false,
"fp_offset_x": 63,"fp_offset_y": 92,
"td_offset_x": 62,"td_offset_y": 70,

	"fp":
	[
	[
	{"file": "CHEER_FP/1A.png"},
	{"file": "CHEER_FP/1B.png"},
	{"file": "CHEER_FP/1C.png"}
	]
	],
		"td":
		[
		[
		{"file": "CHEER_TD/1A.png"},
		{"file": "CHEER_TD/1B.png"},
		{"file": "CHEER_TD/1C.png"}
		]
		]
},











{
"name": "DSALAMANDER_SLEEP",
"rotatable": false,
"fp_offset_x": 56,"fp_offset_y": 83,
"td_offset_x": 57,"td_offset_y": 68,
"fp":[[{"file": "SLEEP_FP/1A.png"}]],
"td":[[{"file": "SLEEP_TD/1A.png"}]]
},



{
"name": "DSALAMANDER_LAIR",
"rotatable": false,
"fp_offset_x": 56,"fp_offset_y": 83,
"td_offset_x": 57,"td_offset_y": 68,
"fp":[[{"file": "LAIR_FP/1A.png"}]],
"td":[[{"file": "LAIR_TD/1A.png"}]]
},











{
"name": "DSALAMANDER_MOAN",
"rotatable": false,
"fp_offset_x": 58,"fp_offset_y": 92,
"td_offset_x": 59,"td_offset_y": 72,

	"fp":
	[
	[
	{"file": "MOAN_FP/1A.png"},
	{"file": "MOAN_FP/1B.png"},
	{"file": "MOAN_FP/1C.png"},
	{"file": "MOAN_FP/1B.png"}
	]
	],
		"td":
		[
		[
		{"file": "MOAN_TD/1A.png"},
		{"file": "MOAN_TD/1B.png"},
		{"file": "MOAN_TD/1C.png"},
		{"file": "MOAN_TD/1B.png"}
		]
		]
},






{
"name": "DSALAMANDER_DEAD",
"rotatable": false,
"fp_offset_x": 65,"fp_offset_y": 34,
"td_offset_x": 52,"td_offset_y": 43,
"fp":[[{"file": "DEAD_FP/1A.png"}]],
"td":[[{"file": "DEAD_TD/1A.png"}]]
},

{
	"name": "DSALAMANDER_EAT",
	"rotatable": false,
	"fp_offset_x": 51,
	"fp_offset_y": 61,
	"td_offset_x": 59,
	"td_offset_y": 47,
	
		"fp":
		[
		[
		{"file": "EAT_FP/1A.png"},
		{"file": "EAT_FP/1B.png"},
		{"file": "EAT_FP/1C.png"},
		{"file": "EAT_FP/1D.png"},
		{"file": "EAT_FP/1E.png"},
		{"file": "EAT_FP/1F.png"},
		{"file": "EAT_FP/1G.png"},
		{"file": "EAT_FP/1H.png"}
		]
		],
			"td":
			[
			[
			{"file": "EAT_TD/1A.png"},
			{"file": "EAT_TD/1B.png"},
			{"file": "EAT_TD/1C.png"},
			{"file": "EAT_TD/1D.png"},
			{"file": "EAT_TD/1E.png"},
			{"file": "EAT_TD/1F.png"},
			{"file": "EAT_TD/1G.png"},
			{"file": "EAT_TD/1H.png"}
			]
			]
	}


]