[
	{
		"name": "LIGHTNINGTRAPB_STAND",
		"rotatable": false,
		"fp_offset_x": 15,
		"fp_offset_y": 63,
		"td_offset_x": 13,
		"td_offset_y": 36,
		"fp": [
			[
				{
					"file": "stand_fp/rotation02_frame01.png"
				},
				{
					"file": "stand_fp/rotation02_frame02.png"
				},
				{
					"file": "stand_fp/rotation02_frame03.png"
				},
				{
					"file": "stand_fp/rotation02_frame04.png"
				},
				{
					"file": "stand_fp/rotation02_frame05.png"
				},
				{
					"file": "stand_fp/rotation02_frame06.png"
				},
				{
					"file": "stand_fp/rotation02_frame07.png"
				},
				{
					"file": "stand_fp/rotation02_frame08.png"
				},
				{
					"file": "stand_fp/rotation02_frame09.png"
				},
				{
					"file": "stand_fp/rotation02_frame10.png"
				},
				{
					"file": "stand_fp/rotation02_frame11.png"
				},
				{
					"file": "stand_fp/rotation02_frame12.png"
				},
				{
					"file": "stand_fp/rotation02_frame13.png"
				},
				{
					"file": "stand_fp/rotation02_frame14.png"
				}
			]
		],
		"td": [
			[
		
				{
					"file": "stand_td/rotation02_frame01.png"
				},
				{
					"file": "stand_td/rotation02_frame02.png"
				},
				{
					"file": "stand_td/rotation02_frame03.png"
				},
				{
					"file": "stand_td/rotation02_frame04.png"
				},
				{
					"file": "stand_td/rotation02_frame05.png"
				},
				{
					"file": "stand_td/rotation02_frame06.png"
				},
				{
					"file": "stand_td/rotation02_frame07.png"
				},
				{
					"file": "stand_td/rotation02_frame08.png"
				},
				{
					"file": "stand_td/rotation02_frame09.png"
				},
				{
					"file": "stand_td/rotation02_frame10.png"
				},
				{
					"file": "stand_td/rotation02_frame11.png"
				},
				{
					"file": "stand_td/rotation02_frame12.png"
				},
				{
					"file": "stand_td/rotation02_frame13.png"
				},
				{
					"file": "stand_td/rotation02_frame14.png"
				}
			]
		]
	}
]