[
{
  "name": "CANDLE_MINI",
  "rotatable": false,
  "fp_offset_x": 11,
  "fp_offset_y": 66,
  "td_offset_x": 8,
  "td_offset_y": 41,
  "fp": [
    [
      {
        "file": "candlestick_fp/r1frame01.png"
	  },
	        {
        "file": "candlestick_fp/r1frame02.png"
	  },
	        {
        "file": "candlestick_fp/r1frame03.png"
	  },
	        {
        "file": "candlestick_fp/r1frame04.png"
	  }
]
  ],
  "td": [
    [
     {
        "file": "candlestick_tp/r1frame01.png"
      },
	       {
        "file": "candlestick_tp/r1frame02.png"
      },
	       {
        "file": "candlestick_tp/r1frame03.png"
      },
	       {
        "file": "candlestick_tp/r1frame04.png"
      }
	  ]
]
}
]	

