[
	{
		"name": "FEAR_TRAP_STAND",
		"rotatable": true,
		"fp_offset_x": 56,
		"fp_offset_y": 117,
		"td_offset_x": 45,
		"td_offset_y": 89,
		"fp": [
			[
				{
					"file": "stand_fp/rotation01_frame01.png"
				},
				{
					"file": "stand_fp/rotation01_frame02.png"
				},
				{
					"file": "stand_fp/rotation01_frame03.png"
				},
				{
					"file": "stand_fp/rotation01_frame04.png"
				},
				{
					"file": "stand_fp/rotation01_frame05.png"
				},
				{
					"file": "stand_fp/rotation01_frame06.png"
				},
				{
					"file": "stand_fp/rotation01_frame07.png"
				},
				{
					"file": "stand_fp/rotation01_frame08.png"
				},
				{
					"file": "stand_fp/rotation01_frame09.png"
				},
				{
					"file": "stand_fp/rotation01_frame10.png"
				},
				{
					"file": "stand_fp/rotation01_frame11.png"
				},
				{
					"file": "stand_fp/rotation01_frame12.png"
				},
				{
					"file": "stand_fp/rotation01_frame13.png"
				},
				{
					"file": "stand_fp/rotation01_frame14.png"
				},
				{
					"file": "stand_fp/rotation01_frame15.png"
				},
				{
					"file": "stand_fp/rotation01_frame16.png"
				},
				{
					"file": "stand_fp/rotation01_frame17.png"
				}
			],
			[
				{
					"file": "stand_fp/rotation02_frame01.png"
				},
				{
					"file": "stand_fp/rotation02_frame02.png"
				},
				{
					"file": "stand_fp/rotation02_frame03.png"
				},
				{
					"file": "stand_fp/rotation02_frame04.png"
				},
				{
					"file": "stand_fp/rotation02_frame05.png"
				},
				{
					"file": "stand_fp/rotation02_frame06.png"
				},
				{
					"file": "stand_fp/rotation02_frame07.png"
				},
				{
					"file": "stand_fp/rotation02_frame08.png"
				},
				{
					"file": "stand_fp/rotation02_frame09.png"
				},
				{
					"file": "stand_fp/rotation02_frame10.png"
				},
				{
					"file": "stand_fp/rotation02_frame11.png"
				},
				{
					"file": "stand_fp/rotation02_frame12.png"
				},
				{
					"file": "stand_fp/rotation02_frame13.png"
				},
				{
					"file": "stand_fp/rotation02_frame14.png"
				},
				{
					"file": "stand_fp/rotation02_frame15.png"
				},
				{
					"file": "stand_fp/rotation02_frame16.png"
				},
				{
					"file": "stand_fp/rotation02_frame17.png"
				}
			],
			[
				{
					"file": "stand_fp/rotation03_frame01.png"
				},
				{
					"file": "stand_fp/rotation03_frame02.png"
				},
				{
					"file": "stand_fp/rotation03_frame03.png"
				},
				{
					"file": "stand_fp/rotation03_frame04.png"
				},
				{
					"file": "stand_fp/rotation03_frame05.png"
				},
				{
					"file": "stand_fp/rotation03_frame06.png"
				},
				{
					"file": "stand_fp/rotation03_frame07.png"
				},
				{
					"file": "stand_fp/rotation03_frame08.png"
				},
				{
					"file": "stand_fp/rotation03_frame09.png"
				},
				{
					"file": "stand_fp/rotation03_frame10.png"
				},
				{
					"file": "stand_fp/rotation03_frame11.png"
				},
				{
					"file": "stand_fp/rotation03_frame12.png"
				},
				{
					"file": "stand_fp/rotation03_frame13.png"
				},
				{
					"file": "stand_fp/rotation03_frame14.png"
				},
				{
					"file": "stand_fp/rotation03_frame15.png"
				},
				{
					"file": "stand_fp/rotation03_frame16.png"
				},
				{
					"file": "stand_fp/rotation03_frame17.png"
				}
			],
			[
				{
					"file": "stand_fp/rotation04_frame01.png"
				},
				{
					"file": "stand_fp/rotation04_frame02.png"
				},
				{
					"file": "stand_fp/rotation04_frame03.png"
				},
				{
					"file": "stand_fp/rotation04_frame04.png"
				},
				{
					"file": "stand_fp/rotation04_frame05.png"
				},
				{
					"file": "stand_fp/rotation04_frame06.png"
				},
				{
					"file": "stand_fp/rotation04_frame07.png"
				},
				{
					"file": "stand_fp/rotation04_frame08.png"
				},
				{
					"file": "stand_fp/rotation04_frame09.png"
				},
				{
					"file": "stand_fp/rotation04_frame10.png"
				},
				{
					"file": "stand_fp/rotation04_frame11.png"
				},
				{
					"file": "stand_fp/rotation04_frame12.png"
				},
				{
					"file": "stand_fp/rotation04_frame13.png"
				},
				{
					"file": "stand_fp/rotation04_frame14.png"
				},
				{
					"file": "stand_fp/rotation04_frame15.png"
				},
				{
					"file": "stand_fp/rotation04_frame16.png"
				},
				{
					"file": "stand_fp/rotation04_frame17.png"
				}
			],
			[
				{
					"file": "stand_fp/rotation05_frame01.png"
				},
				{
					"file": "stand_fp/rotation05_frame02.png"
				},
				{
					"file": "stand_fp/rotation05_frame03.png"
				},
				{
					"file": "stand_fp/rotation05_frame04.png"
				},
				{
					"file": "stand_fp/rotation05_frame05.png"
				},
				{
					"file": "stand_fp/rotation05_frame06.png"
				},
				{
					"file": "stand_fp/rotation05_frame07.png"
				},
				{
					"file": "stand_fp/rotation05_frame08.png"
				},
				{
					"file": "stand_fp/rotation05_frame09.png"
				},
				{
					"file": "stand_fp/rotation05_frame10.png"
				},
				{
					"file": "stand_fp/rotation05_frame11.png"
				},
				{
					"file": "stand_fp/rotation05_frame12.png"
				},
				{
					"file": "stand_fp/rotation05_frame13.png"
				},
				{
					"file": "stand_fp/rotation05_frame14.png"
				},
				{
					"file": "stand_fp/rotation05_frame15.png"
				},
				{
					"file": "stand_fp/rotation05_frame16.png"
				},
				{
					"file": "stand_fp/rotation05_frame17.png"
				}
			]
		],
		"td": [
			[
				{
					"file": "stand_td/rotation01_frame01.png"
				},
				{
					"file": "stand_td/rotation01_frame02.png"
				},
				{
					"file": "stand_td/rotation01_frame03.png"
				},
				{
					"file": "stand_td/rotation01_frame04.png"
				},
				{
					"file": "stand_td/rotation01_frame05.png"
				},
				{
					"file": "stand_td/rotation01_frame06.png"
				},
				{
					"file": "stand_td/rotation01_frame07.png"
				},
				{
					"file": "stand_td/rotation01_frame08.png"
				},
				{
					"file": "stand_td/rotation01_frame09.png"
				},
				{
					"file": "stand_td/rotation01_frame10.png"
				},
				{
					"file": "stand_td/rotation01_frame11.png"
				},
				{
					"file": "stand_td/rotation01_frame12.png"
				},
				{
					"file": "stand_td/rotation01_frame13.png"
				},
				{
					"file": "stand_td/rotation01_frame14.png"
				},
				{
					"file": "stand_td/rotation01_frame15.png"
				},
				{
					"file": "stand_td/rotation01_frame16.png"
				},
				{
					"file": "stand_td/rotation01_frame17.png"
				}
			],
			[
				{
					"file": "stand_td/rotation02_frame01.png"
				},
				{
					"file": "stand_td/rotation02_frame02.png"
				},
				{
					"file": "stand_td/rotation02_frame03.png"
				},
				{
					"file": "stand_td/rotation02_frame04.png"
				},
				{
					"file": "stand_td/rotation02_frame05.png"
				},
				{
					"file": "stand_td/rotation02_frame06.png"
				},
				{
					"file": "stand_td/rotation02_frame07.png"
				},
				{
					"file": "stand_td/rotation02_frame08.png"
				},
				{
					"file": "stand_td/rotation02_frame09.png"
				},
				{
					"file": "stand_td/rotation02_frame10.png"
				},
				{
					"file": "stand_td/rotation02_frame11.png"
				},
				{
					"file": "stand_td/rotation02_frame12.png"
				},
				{
					"file": "stand_td/rotation02_frame13.png"
				},
				{
					"file": "stand_td/rotation02_frame14.png"
				},
				{
					"file": "stand_td/rotation02_frame15.png"
				},
				{
					"file": "stand_td/rotation02_frame16.png"
				},
				{
					"file": "stand_td/rotation02_frame17.png"
				}
			],
			[
				{
					"file": "stand_td/rotation03_frame01.png"
				},
				{
					"file": "stand_td/rotation03_frame02.png"
				},
				{
					"file": "stand_td/rotation03_frame03.png"
				},
				{
					"file": "stand_td/rotation03_frame04.png"
				},
				{
					"file": "stand_td/rotation03_frame05.png"
				},
				{
					"file": "stand_td/rotation03_frame06.png"
				},
				{
					"file": "stand_td/rotation03_frame07.png"
				},
				{
					"file": "stand_td/rotation03_frame08.png"
				},
				{
					"file": "stand_td/rotation03_frame09.png"
				},
				{
					"file": "stand_td/rotation03_frame10.png"
				},
				{
					"file": "stand_td/rotation03_frame11.png"
				},
				{
					"file": "stand_td/rotation03_frame12.png"
				},
				{
					"file": "stand_td/rotation03_frame13.png"
				},
				{
					"file": "stand_td/rotation03_frame14.png"
				},
				{
					"file": "stand_td/rotation03_frame15.png"
				},
				{
					"file": "stand_td/rotation03_frame16.png"
				},
				{
					"file": "stand_td/rotation03_frame17.png"
				}
			],
			[
				{
					"file": "stand_td/rotation04_frame01.png"
				},
				{
					"file": "stand_td/rotation04_frame02.png"
				},
				{
					"file": "stand_td/rotation04_frame03.png"
				},
				{
					"file": "stand_td/rotation04_frame04.png"
				},
				{
					"file": "stand_td/rotation04_frame05.png"
				},
				{
					"file": "stand_td/rotation04_frame06.png"
				},
				{
					"file": "stand_td/rotation04_frame07.png"
				},
				{
					"file": "stand_td/rotation04_frame08.png"
				},
				{
					"file": "stand_td/rotation04_frame09.png"
				},
				{
					"file": "stand_td/rotation04_frame10.png"
				},
				{
					"file": "stand_td/rotation04_frame11.png"
				},
				{
					"file": "stand_td/rotation04_frame12.png"
				},
				{
					"file": "stand_td/rotation04_frame13.png"
				},
				{
					"file": "stand_td/rotation04_frame14.png"
				},
				{
					"file": "stand_td/rotation04_frame15.png"
				},
				{
					"file": "stand_td/rotation04_frame16.png"
				},
				{
					"file": "stand_td/rotation04_frame17.png"
				}
			],
			[
				{
					"file": "stand_td/rotation05_frame01.png"
				},
				{
					"file": "stand_td/rotation05_frame02.png"
				},
				{
					"file": "stand_td/rotation05_frame03.png"
				},
				{
					"file": "stand_td/rotation05_frame04.png"
				},
				{
					"file": "stand_td/rotation05_frame05.png"
				},
				{
					"file": "stand_td/rotation05_frame06.png"
				},
				{
					"file": "stand_td/rotation05_frame07.png"
				},
				{
					"file": "stand_td/rotation05_frame08.png"
				},
				{
					"file": "stand_td/rotation05_frame09.png"
				},
				{
					"file": "stand_td/rotation05_frame10.png"
				},
				{
					"file": "stand_td/rotation05_frame11.png"
				},
				{
					"file": "stand_td/rotation05_frame12.png"
				},
				{
					"file": "stand_td/rotation05_frame13.png"
				},
				{
					"file": "stand_td/rotation05_frame14.png"
				},
				{
					"file": "stand_td/rotation05_frame15.png"
				},
				{
					"file": "stand_td/rotation05_frame16.png"
				},
				{
					"file": "stand_td/rotation05_frame17.png"
				}
			]
		]
	},
	{
		"name": "FEAR_TRAP_WALK",
		"rotatable": true,
		"fp_offset_x": 85,
		"fp_offset_y": 122,
		"td_offset_x": 73,
		"td_offset_y": 95,
		"fp": [
			[
				{
					"file": "walk_fp/rotation01_frame01.png"
				}
			],
			[
				{
					"file": "walk_fp/rotation02_frame01.png"
				}
			],
			[
				{
					"file": "walk_fp/rotation03_frame01.png"
				}
			],
			[
				{
					"file": "walk_fp/rotation04_frame01.png"
				}
			],
			[
				{
					"file": "walk_fp/rotation05_frame01.png"
				}
			]
		],
		"td": [
			[
				{
					"file": "walk_td/rotation01_frame01.png"
				}
			],
			[
				{
					"file": "walk_td/rotation02_frame01.png"
				}
			],
			[
				{
					"file": "walk_td/rotation03_frame01.png"
				}
			],
			[
				{
					"file": "walk_td/rotation04_frame01.png"
				}
			],
			[
				{
					"file": "walk_td/rotation05_frame01.png"
				}
			]
		]
	}
]