[
{
	"name": "TRAININGPOST_WEAK",
	"rotatable": false,
	"fp_offset_x": 55,
	"fp_offset_y": 109,
	"td_offset_x": 55,
	"td_offset_y": 88,
	"fp": [
		[
			{
				"file": "tmfp1/r1frame01.png"
			},
			{
				"file": "tmfp1/r1frame02.png"
			},
			{
				"file": "tmfp1/r1frame03.png"
			},
			{
				"file": "tmfp1/r1frame04.png"
			},
			{
				"file": "tmfp1/r1frame05.png"
			},
			{
				"file": "tmfp1/r1frame06.png"
			},
			{
				"file": "tmfp1/r1frame07.png"
			},
			{
				"file": "tmfp1/r1frame08.png"
			},
			{
				"file": "tmfp1/r1frame09.png"
			},
			{
				"file": "tmfp1/r1frame10.png"
			},
			{
				"file": "tmfp1/r1frame11.png"
			},
			{
				"file": "tmfp1/r1frame12.png"
			}
		]
	],
	"td": [
		[
			{
				"file": "tmtd1/r1frame01.png"
			},
			{
				"file": "tmtd1/r1frame02.png"
			},
			{
				"file": "tmtd1/r1frame03.png"
			},
			{
				"file": "tmtd1/r1frame04.png"
			},
			{
				"file": "tmtd1/r1frame05.png"
			},
			{
				"file": "tmtd1/r1frame06.png"
			},
			{
				"file": "tmtd1/r1frame07.png"
			},
			{
				"file": "tmtd1/r1frame08.png"
			},
			{
				"file": "tmtd1/r1frame09.png"
			},
			{
				"file": "tmtd1/r1frame10.png"
			},
			{
				"file": "tmtd1/r1frame11.png"
			},
			{
				"file": "tmtd1/r1frame12.png"
			}
		]
	]
}
]