[
	{
		"name": "AVATAR_TALK",
		"rotatable": true,
		"fp_offset_x": 42,
		"fp_offset_y": 50,
		"td_offset_x": 42,
		"td_offset_y": 50,
		"fp": [
			[
				{
					"file": "talk_td/r1frame01.png"
				},
				{
					"file": "talk_td/r1frame02.png"
				},
				{
					"file": "talk_td/r1frame03.png"
				},
				{
					"file": "talk_td/r1frame04.png"
				},
				{
					"file": "talk_td/r1frame05.png"
				},
				{
					"file": "talk_td/r1frame06.png"
				}
			],
			[
				{
					"file": "talk_td/r2frame01.png"
				},
				{
					"file": "talk_td/r2frame02.png"
				},
				{
					"file": "talk_td/r2frame03.png"
				},
				{
					"file": "talk_td/r2frame04.png"
				},
				{
					"file": "talk_td/r2frame05.png"
				},
				{
					"file": "talk_td/r2frame06.png"
				}
			],
			[
				{
					"file": "talk_td/r3frame01.png"
				},
				{
					"file": "talk_td/r3frame02.png"
				},
				{
					"file": "talk_td/r3frame03.png"
				},
				{
					"file": "talk_td/r3frame04.png"
				},
				{
					"file": "talk_td/r3frame05.png"
				},
				{
					"file": "talk_td/r3frame06.png"
				}
			],
			[
				{
					"file": "talk_td/r4frame01.png"
				},
				{
					"file": "talk_td/r4frame02.png"
				},
				{
					"file": "talk_td/r4frame03.png"
				},
				{
					"file": "talk_td/r4frame04.png"
				},
				{
					"file": "talk_td/r4frame05.png"
				},
				{
					"file": "talk_td/r4frame06.png"
				}
			],
			[
				{
					"file": "talk_td/r5frame01.png"
				},
				{
					"file": "talk_td/r5frame02.png"
				},
				{
					"file": "talk_td/r5frame03.png"
				},
				{
					"file": "talk_td/r5frame04.png"
				},
				{
					"file": "talk_td/r5frame05.png"
				},
				{
					"file": "talk_td/r5frame06.png"
				}
			]
		],
		"td": [
			[
				{
					"file": "talk_td/r1frame01.png"
				},
				{
					"file": "talk_td/r1frame02.png"
				},
				{
					"file": "talk_td/r1frame03.png"
				},
				{
					"file": "talk_td/r1frame04.png"
				},
				{
					"file": "talk_td/r1frame05.png"
				},
				{
					"file": "talk_td/r1frame06.png"
				}
			],
			[
				{
					"file": "talk_td/r2frame01.png"
				},
				{
					"file": "talk_td/r2frame02.png"
				},
				{
					"file": "talk_td/r2frame03.png"
				},
				{
					"file": "talk_td/r2frame04.png"
				},
				{
					"file": "talk_td/r2frame05.png"
				},
				{
					"file": "talk_td/r2frame06.png"
				}
			],
			[
				{
					"file": "talk_td/r3frame01.png"
				},
				{
					"file": "talk_td/r3frame02.png"
				},
				{
					"file": "talk_td/r3frame03.png"
				},
				{
					"file": "talk_td/r3frame04.png"
				},
				{
					"file": "talk_td/r3frame05.png"
				},
				{
					"file": "talk_td/r3frame06.png"
				}
			],
			[
				{
					"file": "talk_td/r4frame01.png"
				},
				{
					"file": "talk_td/r4frame02.png"
				},
				{
					"file": "talk_td/r4frame03.png"
				},
				{
					"file": "talk_td/r4frame04.png"
				},
				{
					"file": "talk_td/r4frame05.png"
				},
				{
					"file": "talk_td/r4frame06.png"
				}
			],
			[
				{
					"file": "talk_td/r5frame01.png"
				},
				{
					"file": "talk_td/r5frame02.png"
				},
				{
					"file": "talk_td/r5frame03.png"
				},
				{
					"file": "talk_td/r5frame04.png"
				},
				{
					"file": "talk_td/r5frame05.png"
				},
				{
					"file": "talk_td/r5frame06.png"
				}
			]
		]
	},
	{
		"name": "KNIGHT_TALK",
		"rotatable": true,
		"fp_offset_x": 20,
		"fp_offset_y": 59,
		"td_offset_x": 20,
		"td_offset_y": 59,
		"fp": [
			[
				{
					"file": "babbel_td/r1frame01.png"
				},
				{
					"file": "babbel_td/r1frame02.png"
				},
				{
					"file": "babbel_td/r1frame03.png"
				},
				{
					"file": "babbel_td/r1frame04.png"
				},
				{
					"file": "babbel_td/r1frame05.png"
				},
				{
					"file": "babbel_td/r1frame06.png"
				}
			],
			[
				{
					"file": "babbel_td/r2frame01.png"
				},
				{
					"file": "babbel_td/r2frame02.png"
				},
				{
					"file": "babbel_td/r2frame03.png"
				},
				{
					"file": "babbel_td/r2frame04.png"
				},
				{
					"file": "babbel_td/r2frame05.png"
				},
				{
					"file": "babbel_td/r2frame06.png"
				}
			],
			[
				{
					"file": "babbel_td/r3frame01.png"
				},
				{
					"file": "babbel_td/r3frame02.png"
				},
				{
					"file": "babbel_td/r3frame03.png"
				},
				{
					"file": "babbel_td/r3frame04.png"
				},
				{
					"file": "babbel_td/r3frame05.png"
				},
				{
					"file": "babbel_td/r3frame06.png"
				}
			],
			[
				{
					"file": "babbel_td/r4frame01.png"
				},
				{
					"file": "babbel_td/r4frame02.png"
				},
				{
					"file": "babbel_td/r4frame03.png"
				},
				{
					"file": "babbel_td/r4frame04.png"
				},
				{
					"file": "babbel_td/r4frame05.png"
				},
				{
					"file": "babbel_td/r4frame06.png"
				}
			],
			[
				{
					"file": "babbel_td/r5frame01.png"
				},
				{
					"file": "babbel_td/r5frame02.png"
				},
				{
					"file": "babbel_td/r5frame03.png"
				},
				{
					"file": "babbel_td/r5frame04.png"
				},
				{
					"file": "babbel_td/r5frame05.png"
				},
				{
					"file": "babbel_td/r5frame06.png"
				}
			]
		],
		"td": [
			[
				{
					"file": "babbel_td/r1frame01.png"
				},
				{
					"file": "babbel_td/r1frame02.png"
				},
				{
					"file": "babbel_td/r1frame03.png"
				},
				{
					"file": "babbel_td/r1frame04.png"
				},
				{
					"file": "babbel_td/r1frame05.png"
				},
				{
					"file": "babbel_td/r1frame06.png"
				}
			],
			[
				{
					"file": "babbel_td/r2frame01.png"
				},
				{
					"file": "babbel_td/r2frame02.png"
				},
				{
					"file": "babbel_td/r2frame03.png"
				},
				{
					"file": "babbel_td/r2frame04.png"
				},
				{
					"file": "babbel_td/r2frame05.png"
				},
				{
					"file": "babbel_td/r2frame06.png"
				}
			],
			[
				{
					"file": "babbel_td/r3frame01.png"
				},
				{
					"file": "babbel_td/r3frame02.png"
				},
				{
					"file": "babbel_td/r3frame03.png"
				},
				{
					"file": "babbel_td/r3frame04.png"
				},
				{
					"file": "babbel_td/r3frame05.png"
				},
				{
					"file": "babbel_td/r3frame06.png"
				}
			],
			[
				{
					"file": "babbel_td/r4frame01.png"
				},
				{
					"file": "babbel_td/r4frame02.png"
				},
				{
					"file": "babbel_td/r4frame03.png"
				},
				{
					"file": "babbel_td/r4frame04.png"
				},
				{
					"file": "babbel_td/r4frame05.png"
				},
				{
					"file": "babbel_td/r4frame06.png"
				}
			],
			[
				{
					"file": "babbel_td/r5frame01.png"
				},
				{
					"file": "babbel_td/r5frame02.png"
				},
				{
					"file": "babbel_td/r5frame03.png"
				},
				{
					"file": "babbel_td/r5frame04.png"
				},
				{
					"file": "babbel_td/r5frame05.png"
				},
				{
					"file": "babbel_td/r5frame06.png"
				}
		]
	]
}
]