[
	{
		"name": "BEARTRAP_STAND",
		"rotatable": true,
		"fp_offset_x": 46,
		"fp_offset_y": 23,
		"td_offset_x": 39,
		"td_offset_y": 29,
		"fp": [
			[
				{
					"file": "stand_fp/rotation01_frame01.png"
				}
			],
			[
				{
					"file": "stand_fp/rotation02_frame01.png"
				}
			],
			[
				{
					"file": "stand_fp/rotation03_frame01.png"
				}
			],
			[
				{
					"file": "stand_fp/rotation04_frame01.png"
				}
			],
			[
				{
					"file": "stand_fp/rotation05_frame01.png"
				}
			]
		],
		"td": [
			[
				{
					"file": "stand_td/rotation01_frame01.png"
				}
			],
			[
				{
					"file": "stand_td/rotation02_frame01.png"
				}
			],
			[
				{
					"file": "stand_td/rotation03_frame01.png"
				}
			],
			[
				{
					"file": "stand_td/rotation04_frame01.png"
				}
			],
			[
				{
					"file": "stand_td/rotation05_frame01.png"
				}
			]
		]
	},
	{
		"name": "BEARTRAP_WALK",
		"rotatable": true,
		"fp_offset_x": 46,
		"fp_offset_y": 45,
		"td_offset_x": 39,
		"td_offset_y": 30,
		"fp": [
			[
				{
					"file": "walk_fp/rotation01_frame01.png"
				}
			],
			[
				{
					"file": "walk_fp/rotation02_frame01.png"
				}
			],
			[
				{
					"file": "walk_fp/rotation03_frame01.png"
				}
			],
			[
				{
					"file": "walk_fp/rotation04_frame01.png"
				}
			],
			[
				{
					"file": "walk_fp/rotation05_frame01.png"
				}
			]
		],
		"td": [
			[
				{
					"file": "walk_td/rotation01_frame01.png"
				}
			],
			[
				{
					"file": "walk_td/rotation02_frame01.png"
				}
			],
			[
				{
					"file": "walk_td/rotation03_frame01.png"
				}
			],
			[
				{
					"file": "walk_td/rotation04_frame01.png"
				}
			],
			[
				{
					"file": "walk_td/rotation05_frame01.png"
				}
			]
		]
	}
]