[
	{
		"name": "WORKSHOP_LANTERNPOST",
		"rotatable": false,
		"fp_offset_x": 126,
		"fp_offset_y": 214,
		"td_offset_x": 126,
		"td_offset_y": 188,
		"fp": [
			[ { "file": "fp_r03_frame01.png" } ]

		],
		"td": [
			[ { "file": "td_r03_frame01.png" } ]
		]
	},
	{
		"name": "WORKSHOP_LANTERN",
		"rotatable": false,
		"fp_offset_x": 127,
		"fp_offset_y": 150,
		"td_offset_x": 127,
		"td_offset_y": 143,
		"fp": [
			[ { "file": "fp_r02_frame01.png" } ]

		],
		"td": [
			[ { "file": "td_r02_frame01.png" } ]
		]
	}
]