[
	{
		"name": "FIREFLY_AMBULATE",
		"rotatable": true,
		"fp_offset_x": 38,
		"fp_offset_y": 51,
		"td_offset_x": 29,
		"td_offset_y": 38,
		"fp": [
			[
				{
					"file": "ambulate_fp/r1frame01.png"
				},
				{
					"file": "ambulate_fp/r1frame02.png"
				},
				{
					"file": "ambulate_fp/r1frame03.png"
				},
				{
					"file": "ambulate_fp/r1frame04.png"
				},
				{
					"file": "ambulate_fp/r1frame05.png"
				},
				{
					"file": "ambulate_fp/r1frame06.png"
				},
				{
					"file": "ambulate_fp/r1frame07.png"
				},
				{
					"file": "ambulate_fp/r1frame08.png"
				}
			],
			[
				{
					"file": "ambulate_fp/r2frame01.png"
				},
				{
					"file": "ambulate_fp/r2frame02.png"
				},
				{
					"file": "ambulate_fp/r2frame03.png"
				},
				{
					"file": "ambulate_fp/r2frame04.png"
				},
				{
					"file": "ambulate_fp/r2frame05.png"
				},
				{
					"file": "ambulate_fp/r2frame06.png"
				},
				{
					"file": "ambulate_fp/r2frame07.png"
				},
				{
					"file": "ambulate_fp/r2frame08.png"
				}
			],
			[
				{
					"file": "ambulate_fp/r3frame01.png"
				},
				{
					"file": "ambulate_fp/r3frame02.png"
				},
				{
					"file": "ambulate_fp/r3frame03.png"
				},
				{
					"file": "ambulate_fp/r3frame04.png"
				},
				{
					"file": "ambulate_fp/r3frame05.png"
				},
				{
					"file": "ambulate_fp/r3frame06.png"
				},
				{
					"file": "ambulate_fp/r3frame07.png"
				},
				{
					"file": "ambulate_fp/r3frame08.png"
				}
			],
			[
				{
					"file": "ambulate_fp/r4frame01.png"
				},
				{
					"file": "ambulate_fp/r4frame02.png"
				},
				{
					"file": "ambulate_fp/r4frame03.png"
				},
				{
					"file": "ambulate_fp/r4frame04.png"
				},
				{
					"file": "ambulate_fp/r4frame05.png"
				},
				{
					"file": "ambulate_fp/r4frame06.png"
				},
				{
					"file": "ambulate_fp/r4frame07.png"
				},
				{
					"file": "ambulate_fp/r4frame08.png"
				}
			],
			[
				{
					"file": "ambulate_fp/r5frame01.png"
				},
				{
					"file": "ambulate_fp/r5frame02.png"
				},
				{
					"file": "ambulate_fp/r5frame03.png"
				},
				{
					"file": "ambulate_fp/r5frame04.png"
				},
				{
					"file": "ambulate_fp/r5frame05.png"
				},
				{
					"file": "ambulate_fp/r5frame06.png"
				},
				{
					"file": "ambulate_fp/r5frame07.png"
				},
				{
					"file": "ambulate_fp/r5frame08.png"
				}
			]
		],
		"td": [
			[
				{
					"file": "ambulate_td/r1frame01.png"
				},
				{
					"file": "ambulate_td/r1frame02.png"
				},
				{
					"file": "ambulate_td/r1frame03.png"
				},
				{
					"file": "ambulate_td/r1frame04.png"
				},
				{
					"file": "ambulate_td/r1frame05.png"
				},
				{
					"file": "ambulate_td/r1frame06.png"
				},
				{
					"file": "ambulate_td/r1frame07.png"
				},
				{
					"file": "ambulate_td/r1frame08.png"
				}
			],
			[
				{
					"file": "ambulate_td/r2frame01.png"
				},
				{
					"file": "ambulate_td/r2frame02.png"
				},
				{
					"file": "ambulate_td/r2frame03.png"
				},
				{
					"file": "ambulate_td/r2frame04.png"
				},
				{
					"file": "ambulate_td/r2frame05.png"
				},
				{
					"file": "ambulate_td/r2frame06.png"
				},
				{
					"file": "ambulate_td/r2frame07.png"
				},
				{
					"file": "ambulate_td/r2frame08.png"
				}
			],
			[
				{
					"file": "ambulate_td/r3frame01.png"
				},
				{
					"file": "ambulate_td/r3frame02.png"
				},
				{
					"file": "ambulate_td/r3frame03.png"
				},
				{
					"file": "ambulate_td/r3frame04.png"
				},
				{
					"file": "ambulate_td/r3frame05.png"
				},
				{
					"file": "ambulate_td/r3frame06.png"
				},
				{
					"file": "ambulate_td/r3frame07.png"
				},
				{
					"file": "ambulate_td/r3frame08.png"
				}
			],
			[
				{
					"file": "ambulate_td/r4frame01.png"
				},
				{
					"file": "ambulate_td/r4frame02.png"
				},
				{
					"file": "ambulate_td/r4frame03.png"
				},
				{
					"file": "ambulate_td/r4frame04.png"
				},
				{
					"file": "ambulate_td/r4frame05.png"
				},
				{
					"file": "ambulate_td/r4frame06.png"
				},
				{
					"file": "ambulate_td/r4frame07.png"
				},
				{
					"file": "ambulate_td/r4frame08.png"
				}
			],
			[
				{
					"file": "ambulate_td/r5frame01.png"
				},
				{
					"file": "ambulate_td/r5frame02.png"
				},
				{
					"file": "ambulate_td/r5frame03.png"
				},
				{
					"file": "ambulate_td/r5frame04.png"
				},
				{
					"file": "ambulate_td/r5frame05.png"
				},
				{
					"file": "ambulate_td/r5frame06.png"
				},
				{
					"file": "ambulate_td/r5frame07.png"
				},
				{
					"file": "ambulate_td/r5frame08.png"
				}
			]
		]
	},
	{
		"name": "FIREFLY_ATTACK",
		"rotatable": true,
		"fp_offset_x": 39,
		"fp_offset_y": 53,
		"td_offset_x": 28,
		"td_offset_y": 36,
		"fp": [
			[
				{
					"file": "attack_fp/r1frame01.png"
				},
				{
					"file": "attack_fp/r1frame02.png"
				},
				{
					"file": "attack_fp/r1frame03.png"
				},
				{
					"file": "attack_fp/r1frame04.png"
				}
			],
			[
				{
					"file": "attack_fp/r2frame01.png"
				},
				{
					"file": "attack_fp/r2frame02.png"
				},
				{
					"file": "attack_fp/r2frame03.png"
				},
				{
					"file": "attack_fp/r2frame04.png"
				}
			],
			[
				{
					"file": "attack_fp/r3frame01.png"
				},
				{
					"file": "attack_fp/r3frame02.png"
				},
				{
					"file": "attack_fp/r3frame03.png"
				},
				{
					"file": "attack_fp/r3frame04.png"
				}
			],
			[
				{
					"file": "attack_fp/r4frame01.png"
				},
				{
					"file": "attack_fp/r4frame02.png"
				},
				{
					"file": "attack_fp/r4frame03.png"
				},
				{
					"file": "attack_fp/r4frame04.png"
				}
			],
			[
				{
					"file": "attack_fp/r5frame01.png"
				},
				{
					"file": "attack_fp/r5frame02.png"
				},
				{
					"file": "attack_fp/r5frame03.png"
				},
				{
					"file": "attack_fp/r5frame04.png"
				}
			]
		],
		"td": [
			[
				{
					"file": "attack_td/r1frame01.png"
				},
				{
					"file": "attack_td/r1frame02.png"
				},
				{
					"file": "attack_td/r1frame03.png"
				},
				{
					"file": "attack_td/r1frame04.png"
				}
			],
			[
				{
					"file": "attack_td/r2frame01.png"
				},
				{
					"file": "attack_td/r2frame02.png"
				},
				{
					"file": "attack_td/r2frame03.png"
				},
				{
					"file": "attack_td/r2frame04.png"
				}
			],
			[
				{
					"file": "attack_td/r3frame01.png"
				},
				{
					"file": "attack_td/r3frame02.png"
				},
				{
					"file": "attack_td/r3frame03.png"
				},
				{
					"file": "attack_td/r3frame04.png"
				}
			],
			[
				{
					"file": "attack_td/r4frame01.png"
				},
				{
					"file": "attack_td/r4frame02.png"
				},
				{
					"file": "attack_td/r4frame03.png"
				},
				{
					"file": "attack_td/r4frame04.png"
				}
			],
			[
				{
					"file": "attack_td/r5frame01.png"
				},
				{
					"file": "attack_td/r5frame02.png"
				},
				{
					"file": "attack_td/r5frame03.png"
				},
				{
					"file": "attack_td/r5frame04.png"
				}
			]
		]
	},
	{
		"name": "FIREFLY_CELEBRATE",
		"rotatable": false,
		"fp_offset_x": 38,
		"fp_offset_y": 43,
		"td_offset_x": 22,
		"td_offset_y": 35,
		"fp": [
			[
				{
					"file": "celebrate_fp/r1frame01.png"
				},
				{
					"file": "celebrate_fp/r1frame02.png"
				},
				{
					"file": "celebrate_fp/r1frame03.png"
				},
				{
					"file": "celebrate_fp/r1frame04.png"
				},
				{
					"file": "celebrate_fp/r1frame05.png"
				},
				{
					"file": "celebrate_fp/r1frame06.png"
				}
			]
		],
		"td": [
			[
				{
					"file": "celebrate_td/r1frame01.png"
				},
				{
					"file": "celebrate_td/r1frame02.png"
				},
				{
					"file": "celebrate_td/r1frame03.png"
				},
				{
					"file": "celebrate_td/r1frame04.png"
				},
				{
					"file": "celebrate_td/r1frame05.png"
				},
				{
					"file": "celebrate_td/r1frame06.png"
				}
			]
		]
	},
	{
		"name": "FIREFLY_COMPLAIN",
		"rotatable": false,
		"fp_offset_x": 40,
		"fp_offset_y": 37,
		"td_offset_x": 31,
		"td_offset_y": 32,
		"fp": [
			[
				{
					"file": "complain_fp/r1frame01.png"
				},
				{
					"file": "complain_fp/r1frame02.png"
				},
				{
					"file": "complain_fp/r1frame03.png"
				},
				{
					"file": "complain_fp/r1frame04.png"
				},
				{
					"file": "complain_fp/r1frame05.png"
				},
				{
					"file": "complain_fp/r1frame06.png"
				}
			]
		],
		"td": [
			[
				{
					"file": "complain_td/r1frame01.png"
				},
				{
					"file": "complain_td/r1frame02.png"
				},
				{
					"file": "complain_td/r1frame03.png"
				},
				{
					"file": "complain_td/r1frame04.png"
				},
				{
					"file": "complain_td/r1frame05.png"
				},
				{
					"file": "complain_td/r1frame06.png"
				}
			]
		]
	},
	{
		"name": "FIREFLY_DEADSPLAT",
		"rotatable": false,
		"fp_offset_x": 35,
		"fp_offset_y": 20,
		"td_offset_x": 25,
		"td_offset_y": 25,
		"fp": [
			[
				{
					"file": "deadsplat_fp/r1frame01.png"
				}
			]
		],
		"td": [
			[
				{
					"file": "deadsplat_td/r1frame01.png"
				}
			]
		]
	},
	{
		"name": "FIREFLY_DEATH",
		"rotatable": false,
		"fp_offset_x": 40,
		"fp_offset_y": 34,
		"td_offset_x": 30,
		"td_offset_y": 30,
		"fp": [
			[
				{
					"file": "death_fp/r1frame01.png"
				},
				{
					"file": "death_fp/r1frame02.png"
				}
			]
		],
		"td": [
			[
				{
					"file": "death_td/r1frame01.png"
				},
				{
					"file": "death_td/r1frame02.png"
				}
			]
		]
	},
	{
		"name": "LAIR_FIREFLY",
		"rotatable": false,
		"fp_offset_x": 34,
		"fp_offset_y": 35,
		"td_offset_x": 26,
		"td_offset_y": 27,
		"fp": [
			[
				{
					"file": "lair_fp/r1frame01.png"
				},
				{
					"file": "lair_fp/r1frame02.png"
				},
				{
					"file": "lair_fp/r1frame03.png"
				},
				{
					"file": "lair_fp/r1frame04.png"
				}
			]
		],
		"td": [
			[
				{
					"file": "lair_td/r1frame01.png"
				},
				{
					"file": "lair_td/r1frame02.png"
				},
				{
					"file": "lair_td/r1frame03.png"
				},
				{
					"file": "lair_td/r1frame04.png"
				}
			]
		]
	},
	{
		"name": "FIREFLY_LAIRSLEEP",
		"rotatable": false,
		"fp_offset_x": 26,
		"fp_offset_y": 25,
		"td_offset_x": 19,
		"td_offset_y": 23,
		"fp": [
			[
				{
					"file": "lairsleep_fp/r1frame01.png"
				},
				{
					"file": "lairsleep_fp/r1frame02.png"
				},
				{
					"file": "lairsleep_fp/r1frame03.png"
				},
				{
					"file": "lairsleep_fp/r1frame04.png"
				},
				{
					"file": "lairsleep_fp/r1frame05.png"
				},
				{
					"file": "lairsleep_fp/r1frame06.png"
				},
				{
					"file": "lairsleep_fp/r1frame07.png"
				},
				{
					"file": "lairsleep_fp/r1frame08.png"
				}
			]
		],
		"td": [
			[
				{
					"file": "lairsleep_td/r1frame01.png"
				},
				{
					"file": "lairsleep_td/r1frame02.png"
				},
				{
					"file": "lairsleep_td/r1frame03.png"
				},
				{
					"file": "lairsleep_td/r1frame04.png"
				},
				{
					"file": "lairsleep_td/r1frame05.png"
				},
				{
					"file": "lairsleep_td/r1frame06.png"
				},
				{
					"file": "lairsleep_td/r1frame07.png"
				},
				{
					"file": "lairsleep_td/r1frame08.png"
				}
			]
		]
	},
	{
		"name": "FIREFLY_POWERGRAB",
		"rotatable": false,
		"fp_offset_x": 31,
		"fp_offset_y": 49,
		"td_offset_x": 20,
		"td_offset_y": 32,
		"fp": [
			[
				{
					"file": "powergrab_fp/r1frame01.png"
				},
				{
					"file": "powergrab_fp/r1frame02.png"
				},
				{
					"file": "powergrab_fp/r1frame03.png"
				},
				{
					"file": "powergrab_fp/r1frame04.png"
				},
				{
					"file": "powergrab_fp/r1frame05.png"
				},
				{
					"file": "powergrab_fp/r1frame06.png"
				}
			]
		],
		"td": [
			[
				{
					"file": "powergrab_td/r1frame01.png"
				},
				{
					"file": "powergrab_td/r1frame02.png"
				},
				{
					"file": "powergrab_td/r1frame03.png"
				},
				{
					"file": "powergrab_td/r1frame04.png"
				},
				{
					"file": "powergrab_td/r1frame05.png"
				},
				{
					"file": "powergrab_td/r1frame06.png"
				}
			]
		]
	},
	{
		"name": "FIREFLY_SLAPPED",
		"rotatable": true,
		"fp_offset_x": 37,
		"fp_offset_y": 27,
		"td_offset_x": 28,
		"td_offset_y": 23,
		"fp": [
			[
				{
					"file": "slapped_fp/r1frame01.png"
				},
				{
					"file": "slapped_fp/r1frame02.png"
				},
				{
					"file": "slapped_fp/r1frame03.png"
				},
				{
					"file": "slapped_fp/r1frame04.png"
				},
				{
					"file": "slapped_fp/r1frame05.png"
				},
				{
					"file": "slapped_fp/r1frame06.png"
				},
				{
					"file": "slapped_fp/r1frame07.png"
				},
				{
					"file": "slapped_fp/r1frame08.png"
				}
			],
			[
				{
					"file": "slapped_fp/r2frame01.png"
				},
				{
					"file": "slapped_fp/r2frame02.png"
				},
				{
					"file": "slapped_fp/r2frame03.png"
				},
				{
					"file": "slapped_fp/r2frame04.png"
				},
				{
					"file": "slapped_fp/r2frame05.png"
				},
				{
					"file": "slapped_fp/r2frame06.png"
				},
				{
					"file": "slapped_fp/r2frame07.png"
				},
				{
					"file": "slapped_fp/r2frame08.png"
				}
			],
			[
				{
					"file": "slapped_fp/r3frame01.png"
				},
				{
					"file": "slapped_fp/r3frame02.png"
				},
				{
					"file": "slapped_fp/r3frame03.png"
				},
				{
					"file": "slapped_fp/r3frame04.png"
				},
				{
					"file": "slapped_fp/r3frame05.png"
				},
				{
					"file": "slapped_fp/r3frame06.png"
				},
				{
					"file": "slapped_fp/r3frame07.png"
				},
				{
					"file": "slapped_fp/r3frame08.png"
				}
			],
			[
				{
					"file": "slapped_fp/r4frame01.png"
				},
				{
					"file": "slapped_fp/r4frame02.png"
				},
				{
					"file": "slapped_fp/r4frame03.png"
				},
				{
					"file": "slapped_fp/r4frame04.png"
				},
				{
					"file": "slapped_fp/r4frame05.png"
				},
				{
					"file": "slapped_fp/r4frame06.png"
				},
				{
					"file": "slapped_fp/r4frame07.png"
				},
				{
					"file": "slapped_fp/r4frame08.png"
				}
			],
			[
				{
					"file": "slapped_fp/r5frame01.png"
				},
				{
					"file": "slapped_fp/r5frame02.png"
				},
				{
					"file": "slapped_fp/r5frame03.png"
				},
				{
					"file": "slapped_fp/r5frame04.png"
				},
				{
					"file": "slapped_fp/r5frame05.png"
				},
				{
					"file": "slapped_fp/r5frame06.png"
				},
				{
					"file": "slapped_fp/r5frame07.png"
				},
				{
					"file": "slapped_fp/r5frame08.png"
				}
			]
		],
		"td": [
			[
				{
					"file": "slapped_td/r1frame01.png"
				},
				{
					"file": "slapped_td/r1frame02.png"
				},
				{
					"file": "slapped_td/r1frame03.png"
				},
				{
					"file": "slapped_td/r1frame04.png"
				},
				{
					"file": "slapped_td/r1frame05.png"
				},
				{
					"file": "slapped_td/r1frame06.png"
				},
				{
					"file": "slapped_td/r1frame07.png"
				},
				{
					"file": "slapped_td/r1frame08.png"
				}
			],
			[
				{
					"file": "slapped_td/r2frame01.png"
				},
				{
					"file": "slapped_td/r2frame02.png"
				},
				{
					"file": "slapped_td/r2frame03.png"
				},
				{
					"file": "slapped_td/r2frame04.png"
				},
				{
					"file": "slapped_td/r2frame05.png"
				},
				{
					"file": "slapped_td/r2frame06.png"
				},
				{
					"file": "slapped_td/r2frame07.png"
				},
				{
					"file": "slapped_td/r2frame08.png"
				}
			],
			[
				{
					"file": "slapped_td/r3frame01.png"
				},
				{
					"file": "slapped_td/r3frame02.png"
				},
				{
					"file": "slapped_td/r3frame03.png"
				},
				{
					"file": "slapped_td/r3frame04.png"
				},
				{
					"file": "slapped_td/r3frame05.png"
				},
				{
					"file": "slapped_td/r3frame06.png"
				},
				{
					"file": "slapped_td/r3frame07.png"
				},
				{
					"file": "slapped_td/r3frame08.png"
				}
			],
			[
				{
					"file": "slapped_td/r4frame01.png"
				},
				{
					"file": "slapped_td/r4frame02.png"
				},
				{
					"file": "slapped_td/r4frame03.png"
				},
				{
					"file": "slapped_td/r4frame04.png"
				},
				{
					"file": "slapped_td/r4frame05.png"
				},
				{
					"file": "slapped_td/r4frame06.png"
				},
				{
					"file": "slapped_td/r4frame07.png"
				},
				{
					"file": "slapped_td/r4frame08.png"
				}
			],
			[
				{
					"file": "slapped_td/r5frame01.png"
				},
				{
					"file": "slapped_td/r5frame02.png"
				},
				{
					"file": "slapped_td/r5frame03.png"
				},
				{
					"file": "slapped_td/r5frame04.png"
				},
				{
					"file": "slapped_td/r5frame05.png"
				},
				{
					"file": "slapped_td/r5frame06.png"
				},
				{
					"file": "slapped_td/r5frame07.png"
				},
				{
					"file": "slapped_td/r5frame08.png"
				}
			]
		]
	},
	{
		"name": "FIREFLY_STAND",
		"rotatable": true,
		"fp_offset_x": 38,
		"fp_offset_y": 51,
		"td_offset_x": 29,
		"td_offset_y": 38,
		"fp": [
			[
				{
					"file": "stand_fp/r1frame01.png"
				},
				{
					"file": "stand_fp/r1frame02.png"
				},
				{
					"file": "stand_fp/r1frame03.png"
				},
				{
					"file": "stand_fp/r1frame04.png"
				},
				{
					"file": "stand_fp/r1frame05.png"
				},
				{
					"file": "stand_fp/r1frame06.png"
				},
				{
					"file": "stand_fp/r1frame07.png"
				},
				{
					"file": "stand_fp/r1frame08.png"
				}
			],
			[
				{
					"file": "stand_fp/r2frame01.png"
				},
				{
					"file": "stand_fp/r2frame02.png"
				},
				{
					"file": "stand_fp/r2frame03.png"
				},
				{
					"file": "stand_fp/r2frame04.png"
				},
				{
					"file": "stand_fp/r2frame05.png"
				},
				{
					"file": "stand_fp/r2frame06.png"
				},
				{
					"file": "stand_fp/r2frame07.png"
				},
				{
					"file": "stand_fp/r2frame08.png"
				}
			],
			[
				{
					"file": "stand_fp/r3frame01.png"
				},
				{
					"file": "stand_fp/r3frame02.png"
				},
				{
					"file": "stand_fp/r3frame03.png"
				},
				{
					"file": "stand_fp/r3frame04.png"
				},
				{
					"file": "stand_fp/r3frame05.png"
				},
				{
					"file": "stand_fp/r3frame06.png"
				},
				{
					"file": "stand_fp/r3frame07.png"
				},
				{
					"file": "stand_fp/r3frame08.png"
				}
			],
			[
				{
					"file": "stand_fp/r4frame01.png"
				},
				{
					"file": "stand_fp/r4frame02.png"
				},
				{
					"file": "stand_fp/r4frame03.png"
				},
				{
					"file": "stand_fp/r4frame04.png"
				},
				{
					"file": "stand_fp/r4frame05.png"
				},
				{
					"file": "stand_fp/r4frame06.png"
				},
				{
					"file": "stand_fp/r4frame07.png"
				},
				{
					"file": "stand_fp/r4frame08.png"
				}
			],
			[
				{
					"file": "stand_fp/r5frame01.png"
				},
				{
					"file": "stand_fp/r5frame02.png"
				},
				{
					"file": "stand_fp/r5frame03.png"
				},
				{
					"file": "stand_fp/r5frame04.png"
				},
				{
					"file": "stand_fp/r5frame05.png"
				},
				{
					"file": "stand_fp/r5frame06.png"
				},
				{
					"file": "stand_fp/r5frame07.png"
				},
				{
					"file": "stand_fp/r5frame08.png"
				}
			]
		],
		"td": [
			[
				{
					"file": "stand_td/r1frame01.png"
				},
				{
					"file": "stand_td/r1frame02.png"
				},
				{
					"file": "stand_td/r1frame03.png"
				},
				{
					"file": "stand_td/r1frame04.png"
				},
				{
					"file": "stand_td/r1frame05.png"
				},
				{
					"file": "stand_td/r1frame06.png"
				},
				{
					"file": "stand_td/r1frame07.png"
				},
				{
					"file": "stand_td/r1frame08.png"
				}
			],
			[
				{
					"file": "stand_td/r2frame01.png"
				},
				{
					"file": "stand_td/r2frame02.png"
				},
				{
					"file": "stand_td/r2frame03.png"
				},
				{
					"file": "stand_td/r2frame04.png"
				},
				{
					"file": "stand_td/r2frame05.png"
				},
				{
					"file": "stand_td/r2frame06.png"
				},
				{
					"file": "stand_td/r2frame07.png"
				},
				{
					"file": "stand_td/r2frame08.png"
				}
			],
			[
				{
					"file": "stand_td/r3frame01.png"
				},
				{
					"file": "stand_td/r3frame02.png"
				},
				{
					"file": "stand_td/r3frame03.png"
				},
				{
					"file": "stand_td/r3frame04.png"
				},
				{
					"file": "stand_td/r3frame05.png"
				},
				{
					"file": "stand_td/r3frame06.png"
				},
				{
					"file": "stand_td/r3frame07.png"
				},
				{
					"file": "stand_td/r3frame08.png"
				}
			],
			[
				{
					"file": "stand_td/r4frame01.png"
				},
				{
					"file": "stand_td/r4frame02.png"
				},
				{
					"file": "stand_td/r4frame03.png"
				},
				{
					"file": "stand_td/r4frame04.png"
				},
				{
					"file": "stand_td/r4frame05.png"
				},
				{
					"file": "stand_td/r4frame06.png"
				},
				{
					"file": "stand_td/r4frame07.png"
				},
				{
					"file": "stand_td/r4frame08.png"
				}
			],
			[
				{
					"file": "stand_td/r5frame01.png"
				},
				{
					"file": "stand_td/r5frame02.png"
				},
				{
					"file": "stand_td/r5frame03.png"
				},
				{
					"file": "stand_td/r5frame04.png"
				},
				{
					"file": "stand_td/r5frame05.png"
				},
				{
					"file": "stand_td/r5frame06.png"
				},
				{
					"file": "stand_td/r5frame07.png"
				},
				{
					"file": "stand_td/r5frame08.png"
				}
			]
		]
	},
	{
		"name": "FIREFLY_STRICKED",
		"rotatable": true,
		"fp_offset_x": 38,
		"fp_offset_y": 50,
		"td_offset_x": 29,
		"td_offset_y": 34,
		"fp": [
			[
				{
					"file": "stricked_fp/r1frame01.png"
				}
			],
			[
				{
					"file": "stricked_fp/r2frame01.png"
				}
			],
			[
				{
					"file": "stricked_fp/r3frame01.png"
				}
			],
			[
				{
					"file": "stricked_fp/r4frame01.png"
				}
			],
			[
				{
					"file": "stricked_fp/r5frame01.png"
				}
			]
		],
		"td": [
			[
				{
					"file": "stricked_td/r1frame01.png"
				}
			],
			[
				{
					"file": "stricked_td/r2frame01.png"
				}
			],
			[
				{
					"file": "stricked_td/r3frame01.png"
				}
			],
			[
				{
					"file": "stricked_td/r4frame01.png"
				}
			],
			[
				{
					"file": "stricked_td/r5frame01.png"
				}
			]
		]
	},
	{
		"name": "FIREFLY_TAKEMEAL",
		"rotatable": false,
		"fp_offset_x": 40,
		"fp_offset_y": 37,
		"td_offset_x": 31,
		"td_offset_y": 32,
		"fp": [
			[
				{
					"file": "takemeal_fp/r1frame01.png"
				},
				{
					"file": "takemeal_fp/r1frame02.png"
				},
				{
					"file": "takemeal_fp/r1frame03.png"
				},
				{
					"file": "takemeal_fp/r1frame04.png"
				},
				{
					"file": "takemeal_fp/r1frame05.png"
				},
				{
					"file": "takemeal_fp/r1frame06.png"
				},
				{
					"file": "takemeal_fp/r1frame07.png"
				}
			]
		],
		"td": [
			[
				{
					"file": "takemeal_td/r1frame01.png"
				},
				{
					"file": "takemeal_td/r1frame02.png"
				},
				{
					"file": "takemeal_td/r1frame03.png"
				},
				{
					"file": "takemeal_td/r1frame04.png"
				},
				{
					"file": "takemeal_td/r1frame05.png"
				},
				{
					"file": "takemeal_td/r1frame06.png"
				},
				{
					"file": "takemeal_td/r1frame07.png"
				}
			]
		]
	},
	{
		"name": "FIREFLY_TORTURE",
		"rotatable": false,
		"fp_offset_x": 50,
		"fp_offset_y": 72,
		"td_offset_x": 40,
		"td_offset_y": 55,
		"fp": [
			[
				{
					"file": "torture_fp/r1frame01.png"
				},
				{
					"file": "torture_fp/r1frame02.png"
				},
				{
					"file": "torture_fp/r1frame03.png"
				},
				{
					"file": "torture_fp/r1frame04.png"
				},
				{
					"file": "torture_fp/r1frame05.png"
				},
				{
					"file": "torture_fp/r1frame06.png"
				},
				{
					"file": "torture_fp/r1frame07.png"
				},
				{
					"file": "torture_fp/r1frame08.png"
				}
			]
		],
		"td": [
			[
				{
					"file": "torture_td/r1frame01.png"
				},
				{
					"file": "torture_td/r1frame02.png"
				},
				{
					"file": "torture_td/r1frame03.png"
				},
				{
					"file": "torture_td/r1frame04.png"
				},
				{
					"file": "torture_td/r1frame05.png"
				},
				{
					"file": "torture_td/r1frame06.png"
				},
				{
					"file": "torture_td/r1frame07.png"
				},
				{
					"file": "torture_td/r1frame08.png"
				}
			]
		]
	},
	{
		"name": "ELITE_FLY_AMBULATE",
		"rotatable": true,
		"fp_offset_x": 38,
		"fp_offset_y": 51,
		"td_offset_x": 29,
		"td_offset_y": 38,
		"fp": [
			[
				{
					"file": "ambulate_fp/r1frame01.png"
				},
				{
					"file": "ambulate_fp/r1frame02.png"
				},
				{
					"file": "ambulate_fp/r1frame03.png"
				},
				{
					"file": "ambulate_fp/r1frame04.png"
				},
				{
					"file": "ambulate_fp/r1frame05.png"
				},
				{
					"file": "ambulate_fp/r1frame06.png"
				},
				{
					"file": "ambulate_fp/r1frame07.png"
				},
				{
					"file": "ambulate_fp/r1frame08.png"
				}
			],
			[
				{
					"file": "ambulate_fp/r2frame01.png"
				},
				{
					"file": "ambulate_fp/r2frame02.png"
				},
				{
					"file": "ambulate_fp/r2frame03.png"
				},
				{
					"file": "ambulate_fp/r2frame04.png"
				},
				{
					"file": "ambulate_fp/r2frame05.png"
				},
				{
					"file": "ambulate_fp/r2frame06.png"
				},
				{
					"file": "ambulate_fp/r2frame07.png"
				},
				{
					"file": "ambulate_fp/r2frame08.png"
				}
			],
			[
				{
					"file": "ambulate_fp/r3frame01.png"
				},
				{
					"file": "ambulate_fp/r3frame02.png"
				},
				{
					"file": "ambulate_fp/r3frame03.png"
				},
				{
					"file": "ambulate_fp/r3frame04.png"
				},
				{
					"file": "ambulate_fp/r3frame05.png"
				},
				{
					"file": "ambulate_fp/r3frame06.png"
				},
				{
					"file": "ambulate_fp/r3frame07.png"
				},
				{
					"file": "ambulate_fp/r3frame08.png"
				}
			],
			[
				{
					"file": "ambulate_fp/r4frame01.png"
				},
				{
					"file": "ambulate_fp/r4frame02.png"
				},
				{
					"file": "ambulate_fp/r4frame03.png"
				},
				{
					"file": "ambulate_fp/r4frame04.png"
				},
				{
					"file": "ambulate_fp/r4frame05.png"
				},
				{
					"file": "ambulate_fp/r4frame06.png"
				},
				{
					"file": "ambulate_fp/r4frame07.png"
				},
				{
					"file": "ambulate_fp/r4frame08.png"
				}
			],
			[
				{
					"file": "ambulate_fp/r5frame01.png"
				},
				{
					"file": "ambulate_fp/r5frame02.png"
				},
				{
					"file": "ambulate_fp/r5frame03.png"
				},
				{
					"file": "ambulate_fp/r5frame04.png"
				},
				{
					"file": "ambulate_fp/r5frame05.png"
				},
				{
					"file": "ambulate_fp/r5frame06.png"
				},
				{
					"file": "ambulate_fp/r5frame07.png"
				},
				{
					"file": "ambulate_fp/r5frame08.png"
				}
			]
		],
		"td": [
			[
				{
					"file": "ambulate_td/r1frame01.png"
				},
				{
					"file": "ambulate_td/r1frame02.png"
				},
				{
					"file": "ambulate_td/r1frame03.png"
				},
				{
					"file": "ambulate_td/r1frame04.png"
				},
				{
					"file": "ambulate_td/r1frame05.png"
				},
				{
					"file": "ambulate_td/r1frame06.png"
				},
				{
					"file": "ambulate_td/r1frame07.png"
				},
				{
					"file": "ambulate_td/r1frame08.png"
				}
			],
			[
				{
					"file": "ambulate_td/r2frame01.png"
				},
				{
					"file": "ambulate_td/r2frame02.png"
				},
				{
					"file": "ambulate_td/r2frame03.png"
				},
				{
					"file": "ambulate_td/r2frame04.png"
				},
				{
					"file": "ambulate_td/r2frame05.png"
				},
				{
					"file": "ambulate_td/r2frame06.png"
				},
				{
					"file": "ambulate_td/r2frame07.png"
				},
				{
					"file": "ambulate_td/r2frame08.png"
				}
			],
			[
				{
					"file": "ambulate_td/r3frame01.png"
				},
				{
					"file": "ambulate_td/r3frame02.png"
				},
				{
					"file": "ambulate_td/r3frame03.png"
				},
				{
					"file": "ambulate_td/r3frame04.png"
				},
				{
					"file": "ambulate_td/r3frame05.png"
				},
				{
					"file": "ambulate_td/r3frame06.png"
				},
				{
					"file": "ambulate_td/r3frame07.png"
				},
				{
					"file": "ambulate_td/r3frame08.png"
				}
			],
			[
				{
					"file": "ambulate_td/r4frame01.png"
				},
				{
					"file": "ambulate_td/r4frame02.png"
				},
				{
					"file": "ambulate_td/r4frame03.png"
				},
				{
					"file": "ambulate_td/r4frame04.png"
				},
				{
					"file": "ambulate_td/r4frame05.png"
				},
				{
					"file": "ambulate_td/r4frame06.png"
				},
				{
					"file": "ambulate_td/r4frame07.png"
				},
				{
					"file": "ambulate_td/r4frame08.png"
				}
			],
			[
				{
					"file": "ambulate_td/r5frame01.png"
				},
				{
					"file": "ambulate_td/r5frame02.png"
				},
				{
					"file": "ambulate_td/r5frame03.png"
				},
				{
					"file": "ambulate_td/r5frame04.png"
				},
				{
					"file": "ambulate_td/r5frame05.png"
				},
				{
					"file": "ambulate_td/r5frame06.png"
				},
				{
					"file": "ambulate_td/r5frame07.png"
				},
				{
					"file": "ambulate_td/r5frame08.png"
				}
			]
		]
	},
	{
		"name": "ELITE_FLY_ATTACK",
		"rotatable": true,
		"fp_offset_x": 39,
		"fp_offset_y": 53,
		"td_offset_x": 28,
		"td_offset_y": 36,
		"fp": [
			[
				{
					"file": "attack_fp/r1frame01.png"
				},
				{
					"file": "attack_fp/r1frame02.png"
				},
				{
					"file": "attack_fp/r1frame03.png"
				},
				{
					"file": "attack_fp/r1frame04.png"
				}
			],
			[
				{
					"file": "attack_fp/r2frame01.png"
				},
				{
					"file": "attack_fp/r2frame02.png"
				},
				{
					"file": "attack_fp/r2frame03.png"
				},
				{
					"file": "attack_fp/r2frame04.png"
				}
			],
			[
				{
					"file": "attack_fp/r3frame01.png"
				},
				{
					"file": "attack_fp/r3frame02.png"
				},
				{
					"file": "attack_fp/r3frame03.png"
				},
				{
					"file": "attack_fp/r3frame04.png"
				}
			],
			[
				{
					"file": "attack_fp/r4frame01.png"
				},
				{
					"file": "attack_fp/r4frame02.png"
				},
				{
					"file": "attack_fp/r4frame03.png"
				},
				{
					"file": "attack_fp/r4frame04.png"
				}
			],
			[
				{
					"file": "attack_fp/r5frame01.png"
				},
				{
					"file": "attack_fp/r5frame02.png"
				},
				{
					"file": "attack_fp/r5frame03.png"
				},
				{
					"file": "attack_fp/r5frame04.png"
				}
			]
		],
		"td": [
			[
				{
					"file": "attack_td/r1frame01.png"
				},
				{
					"file": "attack_td/r1frame02.png"
				},
				{
					"file": "attack_td/r1frame03.png"
				},
				{
					"file": "attack_td/r1frame04.png"
				}
			],
			[
				{
					"file": "attack_td/r2frame01.png"
				},
				{
					"file": "attack_td/r2frame02.png"
				},
				{
					"file": "attack_td/r2frame03.png"
				},
				{
					"file": "attack_td/r2frame04.png"
				}
			],
			[
				{
					"file": "attack_td/r3frame01.png"
				},
				{
					"file": "attack_td/r3frame02.png"
				},
				{
					"file": "attack_td/r3frame03.png"
				},
				{
					"file": "attack_td/r3frame04.png"
				}
			],
			[
				{
					"file": "attack_td/r4frame01.png"
				},
				{
					"file": "attack_td/r4frame02.png"
				},
				{
					"file": "attack_td/r4frame03.png"
				},
				{
					"file": "attack_td/r4frame04.png"
				}
			],
			[
				{
					"file": "attack_td/r5frame01.png"
				},
				{
					"file": "attack_td/r5frame02.png"
				},
				{
					"file": "attack_td/r5frame03.png"
				},
				{
					"file": "attack_td/r5frame04.png"
				}
			]
		]
	},
	{
		"name": "ELITE_FLY_CELEBRATE",
		"rotatable": false,
		"fp_offset_x": 38,
		"fp_offset_y": 43,
		"td_offset_x": 22,
		"td_offset_y": 35,
		"fp": [
			[
				{
					"file": "celebrate_fp/r1frame01.png"
				},
				{
					"file": "celebrate_fp/r1frame02.png"
				},
				{
					"file": "celebrate_fp/r1frame03.png"
				},
				{
					"file": "celebrate_fp/r1frame04.png"
				},
				{
					"file": "celebrate_fp/r1frame05.png"
				},
				{
					"file": "celebrate_fp/r1frame06.png"
				}
			]
		],
		"td": [
			[
				{
					"file": "celebrate_td/r1frame01.png"
				},
				{
					"file": "celebrate_td/r1frame02.png"
				},
				{
					"file": "celebrate_td/r1frame03.png"
				},
				{
					"file": "celebrate_td/r1frame04.png"
				},
				{
					"file": "celebrate_td/r1frame05.png"
				},
				{
					"file": "celebrate_td/r1frame06.png"
				}
			]
		]
	},
	{
		"name": "ELITE_FLY_COMPLAIN",
		"rotatable": false,
		"fp_offset_x": 40,
		"fp_offset_y": 37,
		"td_offset_x": 31,
		"td_offset_y": 32,
		"fp": [
			[
				{
					"file": "complain_fp/r1frame01.png"
				},
				{
					"file": "complain_fp/r1frame02.png"
				},
				{
					"file": "complain_fp/r1frame03.png"
				},
				{
					"file": "complain_fp/r1frame04.png"
				},
				{
					"file": "complain_fp/r1frame05.png"
				},
				{
					"file": "complain_fp/r1frame06.png"
				}
			]
		],
		"td": [
			[
				{
					"file": "complain_td/r1frame01.png"
				},
				{
					"file": "complain_td/r1frame02.png"
				},
				{
					"file": "complain_td/r1frame03.png"
				},
				{
					"file": "complain_td/r1frame04.png"
				},
				{
					"file": "complain_td/r1frame05.png"
				},
				{
					"file": "complain_td/r1frame06.png"
				}
			]
		]
	},
	{
		"name": "ELITE_FLY_DEADSPLAT",
		"rotatable": false,
		"fp_offset_x": 35,
		"fp_offset_y": 20,
		"td_offset_x": 25,
		"td_offset_y": 25,
		"fp": [
			[
				{
					"file": "deadsplat_fp/r1frame01.png"
				}
			]
		],
		"td": [
			[
				{
					"file": "deadsplat_td/r1frame01.png"
				}
			]
		]
	},
	{
		"name": "ELITE_FLY_DEATH",
		"rotatable": false,
		"fp_offset_x": 40,
		"fp_offset_y": 34,
		"td_offset_x": 30,
		"td_offset_y": 30,
		"fp": [
			[
				{
					"file": "death_fp/r1frame01.png"
				},
				{
					"file": "death_fp/r1frame02.png"
				}
			]
		],
		"td": [
			[
				{
					"file": "death_td/r1frame01.png"
				},
				{
					"file": "death_td/r1frame02.png"
				}
			]
		]
	},
	{
		"name": "LAIR_ELITE_FLY",
		"rotatable": false,
		"fp_offset_x": 34,
		"fp_offset_y": 35,
		"td_offset_x": 26,
		"td_offset_y": 27,
		"fp": [
			[
				{
					"file": "lair_fp/r1frame01.png"
				},
				{
					"file": "lair_fp/r1frame02.png"
				},
				{
					"file": "lair_fp/r1frame03.png"
				},
				{
					"file": "lair_fp/r1frame04.png"
				}
			]
		],
		"td": [
			[
				{
					"file": "lair_td/r1frame01.png"
				},
				{
					"file": "lair_td/r1frame02.png"
				},
				{
					"file": "lair_td/r1frame03.png"
				},
				{
					"file": "lair_td/r1frame04.png"
				}
			]
		]
	},
	{
		"name": "ELITE_FLY_LAIRSLEEP",
		"rotatable": false,
		"fp_offset_x": 26,
		"fp_offset_y": 25,
		"td_offset_x": 19,
		"td_offset_y": 23,
		"fp": [
			[
				{
					"file": "lairsleep_fp/r1frame01.png"
				},
				{
					"file": "lairsleep_fp/r1frame02.png"
				},
				{
					"file": "lairsleep_fp/r1frame03.png"
				},
				{
					"file": "lairsleep_fp/r1frame04.png"
				},
				{
					"file": "lairsleep_fp/r1frame05.png"
				},
				{
					"file": "lairsleep_fp/r1frame06.png"
				},
				{
					"file": "lairsleep_fp/r1frame07.png"
				},
				{
					"file": "lairsleep_fp/r1frame08.png"
				}
			]
		],
		"td": [
			[
				{
					"file": "lairsleep_td/r1frame01.png"
				},
				{
					"file": "lairsleep_td/r1frame02.png"
				},
				{
					"file": "lairsleep_td/r1frame03.png"
				},
				{
					"file": "lairsleep_td/r1frame04.png"
				},
				{
					"file": "lairsleep_td/r1frame05.png"
				},
				{
					"file": "lairsleep_td/r1frame06.png"
				},
				{
					"file": "lairsleep_td/r1frame07.png"
				},
				{
					"file": "lairsleep_td/r1frame08.png"
				}
			]
		]
	},
	{
		"name": "ELITE_FLY_POWERGRAB",
		"rotatable": false,
		"fp_offset_x": 31,
		"fp_offset_y": 49,
		"td_offset_x": 20,
		"td_offset_y": 32,
		"fp": [
			[
				{
					"file": "powergrab_fp/r1frame01.png"
				},
				{
					"file": "powergrab_fp/r1frame02.png"
				},
				{
					"file": "powergrab_fp/r1frame03.png"
				},
				{
					"file": "powergrab_fp/r1frame04.png"
				},
				{
					"file": "powergrab_fp/r1frame05.png"
				},
				{
					"file": "powergrab_fp/r1frame06.png"
				}
			]
		],
		"td": [
			[
				{
					"file": "powergrab_td/r1frame01.png"
				},
				{
					"file": "powergrab_td/r1frame02.png"
				},
				{
					"file": "powergrab_td/r1frame03.png"
				},
				{
					"file": "powergrab_td/r1frame04.png"
				},
				{
					"file": "powergrab_td/r1frame05.png"
				},
				{
					"file": "powergrab_td/r1frame06.png"
				}
			]
		]
	},
	{
		"name": "ELITE_FLY_SLAPPED",
		"rotatable": true,
		"fp_offset_x": 37,
		"fp_offset_y": 27,
		"td_offset_x": 28,
		"td_offset_y": 23,
		"fp": [
			[
				{
					"file": "slapped_fp/r1frame01.png"
				},
				{
					"file": "slapped_fp/r1frame02.png"
				},
				{
					"file": "slapped_fp/r1frame03.png"
				},
				{
					"file": "slapped_fp/r1frame04.png"
				},
				{
					"file": "slapped_fp/r1frame05.png"
				},
				{
					"file": "slapped_fp/r1frame06.png"
				},
				{
					"file": "slapped_fp/r1frame07.png"
				},
				{
					"file": "slapped_fp/r1frame08.png"
				}
			],
			[
				{
					"file": "slapped_fp/r2frame01.png"
				},
				{
					"file": "slapped_fp/r2frame02.png"
				},
				{
					"file": "slapped_fp/r2frame03.png"
				},
				{
					"file": "slapped_fp/r2frame04.png"
				},
				{
					"file": "slapped_fp/r2frame05.png"
				},
				{
					"file": "slapped_fp/r2frame06.png"
				},
				{
					"file": "slapped_fp/r2frame07.png"
				},
				{
					"file": "slapped_fp/r2frame08.png"
				}
			],
			[
				{
					"file": "slapped_fp/r3frame01.png"
				},
				{
					"file": "slapped_fp/r3frame02.png"
				},
				{
					"file": "slapped_fp/r3frame03.png"
				},
				{
					"file": "slapped_fp/r3frame04.png"
				},
				{
					"file": "slapped_fp/r3frame05.png"
				},
				{
					"file": "slapped_fp/r3frame06.png"
				},
				{
					"file": "slapped_fp/r3frame07.png"
				},
				{
					"file": "slapped_fp/r3frame08.png"
				}
			],
			[
				{
					"file": "slapped_fp/r4frame01.png"
				},
				{
					"file": "slapped_fp/r4frame02.png"
				},
				{
					"file": "slapped_fp/r4frame03.png"
				},
				{
					"file": "slapped_fp/r4frame04.png"
				},
				{
					"file": "slapped_fp/r4frame05.png"
				},
				{
					"file": "slapped_fp/r4frame06.png"
				},
				{
					"file": "slapped_fp/r4frame07.png"
				},
				{
					"file": "slapped_fp/r4frame08.png"
				}
			],
			[
				{
					"file": "slapped_fp/r5frame01.png"
				},
				{
					"file": "slapped_fp/r5frame02.png"
				},
				{
					"file": "slapped_fp/r5frame03.png"
				},
				{
					"file": "slapped_fp/r5frame04.png"
				},
				{
					"file": "slapped_fp/r5frame05.png"
				},
				{
					"file": "slapped_fp/r5frame06.png"
				},
				{
					"file": "slapped_fp/r5frame07.png"
				},
				{
					"file": "slapped_fp/r5frame08.png"
				}
			]
		],
		"td": [
			[
				{
					"file": "slapped_td/r1frame01.png"
				},
				{
					"file": "slapped_td/r1frame02.png"
				},
				{
					"file": "slapped_td/r1frame03.png"
				},
				{
					"file": "slapped_td/r1frame04.png"
				},
				{
					"file": "slapped_td/r1frame05.png"
				},
				{
					"file": "slapped_td/r1frame06.png"
				},
				{
					"file": "slapped_td/r1frame07.png"
				},
				{
					"file": "slapped_td/r1frame08.png"
				}
			],
			[
				{
					"file": "slapped_td/r2frame01.png"
				},
				{
					"file": "slapped_td/r2frame02.png"
				},
				{
					"file": "slapped_td/r2frame03.png"
				},
				{
					"file": "slapped_td/r2frame04.png"
				},
				{
					"file": "slapped_td/r2frame05.png"
				},
				{
					"file": "slapped_td/r2frame06.png"
				},
				{
					"file": "slapped_td/r2frame07.png"
				},
				{
					"file": "slapped_td/r2frame08.png"
				}
			],
			[
				{
					"file": "slapped_td/r3frame01.png"
				},
				{
					"file": "slapped_td/r3frame02.png"
				},
				{
					"file": "slapped_td/r3frame03.png"
				},
				{
					"file": "slapped_td/r3frame04.png"
				},
				{
					"file": "slapped_td/r3frame05.png"
				},
				{
					"file": "slapped_td/r3frame06.png"
				},
				{
					"file": "slapped_td/r3frame07.png"
				},
				{
					"file": "slapped_td/r3frame08.png"
				}
			],
			[
				{
					"file": "slapped_td/r4frame01.png"
				},
				{
					"file": "slapped_td/r4frame02.png"
				},
				{
					"file": "slapped_td/r4frame03.png"
				},
				{
					"file": "slapped_td/r4frame04.png"
				},
				{
					"file": "slapped_td/r4frame05.png"
				},
				{
					"file": "slapped_td/r4frame06.png"
				},
				{
					"file": "slapped_td/r4frame07.png"
				},
				{
					"file": "slapped_td/r4frame08.png"
				}
			],
			[
				{
					"file": "slapped_td/r5frame01.png"
				},
				{
					"file": "slapped_td/r5frame02.png"
				},
				{
					"file": "slapped_td/r5frame03.png"
				},
				{
					"file": "slapped_td/r5frame04.png"
				},
				{
					"file": "slapped_td/r5frame05.png"
				},
				{
					"file": "slapped_td/r5frame06.png"
				},
				{
					"file": "slapped_td/r5frame07.png"
				},
				{
					"file": "slapped_td/r5frame08.png"
				}
			]
		]
	},
	{
		"name": "ELITE_FLY_STAND",
		"rotatable": true,
		"fp_offset_x": 38,
		"fp_offset_y": 51,
		"td_offset_x": 29,
		"td_offset_y": 38,
		"fp": [
			[
				{
					"file": "stand_fp/r1frame01.png"
				},
				{
					"file": "stand_fp/r1frame02.png"
				},
				{
					"file": "stand_fp/r1frame03.png"
				},
				{
					"file": "stand_fp/r1frame04.png"
				},
				{
					"file": "stand_fp/r1frame05.png"
				},
				{
					"file": "stand_fp/r1frame06.png"
				},
				{
					"file": "stand_fp/r1frame07.png"
				},
				{
					"file": "stand_fp/r1frame08.png"
				}
			],
			[
				{
					"file": "stand_fp/r2frame01.png"
				},
				{
					"file": "stand_fp/r2frame02.png"
				},
				{
					"file": "stand_fp/r2frame03.png"
				},
				{
					"file": "stand_fp/r2frame04.png"
				},
				{
					"file": "stand_fp/r2frame05.png"
				},
				{
					"file": "stand_fp/r2frame06.png"
				},
				{
					"file": "stand_fp/r2frame07.png"
				},
				{
					"file": "stand_fp/r2frame08.png"
				}
			],
			[
				{
					"file": "stand_fp/r3frame01.png"
				},
				{
					"file": "stand_fp/r3frame02.png"
				},
				{
					"file": "stand_fp/r3frame03.png"
				},
				{
					"file": "stand_fp/r3frame04.png"
				},
				{
					"file": "stand_fp/r3frame05.png"
				},
				{
					"file": "stand_fp/r3frame06.png"
				},
				{
					"file": "stand_fp/r3frame07.png"
				},
				{
					"file": "stand_fp/r3frame08.png"
				}
			],
			[
				{
					"file": "stand_fp/r4frame01.png"
				},
				{
					"file": "stand_fp/r4frame02.png"
				},
				{
					"file": "stand_fp/r4frame03.png"
				},
				{
					"file": "stand_fp/r4frame04.png"
				},
				{
					"file": "stand_fp/r4frame05.png"
				},
				{
					"file": "stand_fp/r4frame06.png"
				},
				{
					"file": "stand_fp/r4frame07.png"
				},
				{
					"file": "stand_fp/r4frame08.png"
				}
			],
			[
				{
					"file": "stand_fp/r5frame01.png"
				},
				{
					"file": "stand_fp/r5frame02.png"
				},
				{
					"file": "stand_fp/r5frame03.png"
				},
				{
					"file": "stand_fp/r5frame04.png"
				},
				{
					"file": "stand_fp/r5frame05.png"
				},
				{
					"file": "stand_fp/r5frame06.png"
				},
				{
					"file": "stand_fp/r5frame07.png"
				},
				{
					"file": "stand_fp/r5frame08.png"
				}
			]
		],
		"td": [
			[
				{
					"file": "stand_td/r1frame01.png"
				},
				{
					"file": "stand_td/r1frame02.png"
				},
				{
					"file": "stand_td/r1frame03.png"
				},
				{
					"file": "stand_td/r1frame04.png"
				},
				{
					"file": "stand_td/r1frame05.png"
				},
				{
					"file": "stand_td/r1frame06.png"
				},
				{
					"file": "stand_td/r1frame07.png"
				},
				{
					"file": "stand_td/r1frame08.png"
				}
			],
			[
				{
					"file": "stand_td/r2frame01.png"
				},
				{
					"file": "stand_td/r2frame02.png"
				},
				{
					"file": "stand_td/r2frame03.png"
				},
				{
					"file": "stand_td/r2frame04.png"
				},
				{
					"file": "stand_td/r2frame05.png"
				},
				{
					"file": "stand_td/r2frame06.png"
				},
				{
					"file": "stand_td/r2frame07.png"
				},
				{
					"file": "stand_td/r2frame08.png"
				}
			],
			[
				{
					"file": "stand_td/r3frame01.png"
				},
				{
					"file": "stand_td/r3frame02.png"
				},
				{
					"file": "stand_td/r3frame03.png"
				},
				{
					"file": "stand_td/r3frame04.png"
				},
				{
					"file": "stand_td/r3frame05.png"
				},
				{
					"file": "stand_td/r3frame06.png"
				},
				{
					"file": "stand_td/r3frame07.png"
				},
				{
					"file": "stand_td/r3frame08.png"
				}
			],
			[
				{
					"file": "stand_td/r4frame01.png"
				},
				{
					"file": "stand_td/r4frame02.png"
				},
				{
					"file": "stand_td/r4frame03.png"
				},
				{
					"file": "stand_td/r4frame04.png"
				},
				{
					"file": "stand_td/r4frame05.png"
				},
				{
					"file": "stand_td/r4frame06.png"
				},
				{
					"file": "stand_td/r4frame07.png"
				},
				{
					"file": "stand_td/r4frame08.png"
				}
			],
			[
				{
					"file": "stand_td/r5frame01.png"
				},
				{
					"file": "stand_td/r5frame02.png"
				},
				{
					"file": "stand_td/r5frame03.png"
				},
				{
					"file": "stand_td/r5frame04.png"
				},
				{
					"file": "stand_td/r5frame05.png"
				},
				{
					"file": "stand_td/r5frame06.png"
				},
				{
					"file": "stand_td/r5frame07.png"
				},
				{
					"file": "stand_td/r5frame08.png"
				}
			]
		]
	},
	{
		"name": "ELITE_FLY_STRICKED",
		"rotatable": true,
		"fp_offset_x": 38,
		"fp_offset_y": 50,
		"td_offset_x": 29,
		"td_offset_y": 34,
		"fp": [
			[
				{
					"file": "stricked_fp/r1frame01.png"
				}
			],
			[
				{
					"file": "stricked_fp/r2frame01.png"
				}
			],
			[
				{
					"file": "stricked_fp/r3frame01.png"
				}
			],
			[
				{
					"file": "stricked_fp/r4frame01.png"
				}
			],
			[
				{
					"file": "stricked_fp/r5frame01.png"
				}
			]
		],
		"td": [
			[
				{
					"file": "stricked_td/r1frame01.png"
				}
			],
			[
				{
					"file": "stricked_td/r2frame01.png"
				}
			],
			[
				{
					"file": "stricked_td/r3frame01.png"
				}
			],
			[
				{
					"file": "stricked_td/r4frame01.png"
				}
			],
			[
				{
					"file": "stricked_td/r5frame01.png"
				}
			]
		]
	},
	{
		"name": "ELITE_FLY_TAKEMEAL",
		"rotatable": false,
		"fp_offset_x": 40,
		"fp_offset_y": 37,
		"td_offset_x": 31,
		"td_offset_y": 32,
		"fp": [
			[
				{
					"file": "takemeal_fp/r1frame01.png"
				},
				{
					"file": "takemeal_fp/r1frame02.png"
				},
				{
					"file": "takemeal_fp/r1frame03.png"
				},
				{
					"file": "takemeal_fp/r1frame04.png"
				},
				{
					"file": "takemeal_fp/r1frame05.png"
				},
				{
					"file": "takemeal_fp/r1frame06.png"
				},
				{
					"file": "takemeal_fp/r1frame07.png"
				}
			]
		],
		"td": [
			[
				{
					"file": "takemeal_td/r1frame01.png"
				},
				{
					"file": "takemeal_td/r1frame02.png"
				},
				{
					"file": "takemeal_td/r1frame03.png"
				},
				{
					"file": "takemeal_td/r1frame04.png"
				},
				{
					"file": "takemeal_td/r1frame05.png"
				},
				{
					"file": "takemeal_td/r1frame06.png"
				},
				{
					"file": "takemeal_td/r1frame07.png"
				}
			]
		]
	},
	{
		"name": "ELITE_FLY_TORTURE",
		"rotatable": false,
		"fp_offset_x": 50,
		"fp_offset_y": 72,
		"td_offset_x": 40,
		"td_offset_y": 55,
		"fp": [
			[
				{
					"file": "torture_fp/r1frame01.png"
				},
				{
					"file": "torture_fp/r1frame02.png"
				},
				{
					"file": "torture_fp/r1frame03.png"
				},
				{
					"file": "torture_fp/r1frame04.png"
				},
				{
					"file": "torture_fp/r1frame05.png"
				},
				{
					"file": "torture_fp/r1frame06.png"
				},
				{
					"file": "torture_fp/r1frame07.png"
				},
				{
					"file": "torture_fp/r1frame08.png"
				}
			]
		],
		"td": [
			[
				{
					"file": "torture_td/r1frame01.png"
				},
				{
					"file": "torture_td/r1frame02.png"
				},
				{
					"file": "torture_td/r1frame03.png"
				},
				{
					"file": "torture_td/r1frame04.png"
				},
				{
					"file": "torture_td/r1frame05.png"
				},
				{
					"file": "torture_td/r1frame06.png"
				},
				{
					"file": "torture_td/r1frame07.png"
				},
				{
					"file": "torture_td/r1frame08.png"
				}
			]
		]
	}
]