[

{
"name": "HOVER",
"rotatable": false,
"fp_offset_x": 42,"fp_offset_y": 36,
"td_offset_x": 42,"td_offset_y": 36,
"fp":[[{"file": "HOVER/1.png"},
        {"file": "HOVER/2.png"},
        {"file": "HOVER/3.png"},
        {"file": "HOVER/4.png"},
        {"file": "HOVER/5.png"},
        {"file": "HOVER/6.png"},
        {"file": "HOVER/7.png"},
        {"file": "HOVER/8.png"},
        {"file": "HOVER/9.png"},
        {"file": "HOVER/10.png"},
        {"file": "HOVER/11.png"},
        {"file": "HOVER/12.png"},
        {"file": "HOVER/13.png"},
        {"file": "HOVER/14.png"},
        {"file": "HOVER/15.png"},
        {"file": "HOVER/16.png"},
        {"file": "HOVER/17.png"},
        {"file": "HOVER/18.png"},
        {"file": "HOVER/19.png"},
        {"file": "HOVER/20.png"}]],

"td":[[{"file": "HOVER/1.png"},
        {"file": "HOVER/2.png"},
        {"file": "HOVER/3.png"},
        {"file": "HOVER/4.png"},
        {"file": "HOVER/5.png"},
        {"file": "HOVER/6.png"},
        {"file": "HOVER/7.png"},
        {"file": "HOVER/8.png"},
        {"file": "HOVER/9.png"},
        {"file": "HOVER/10.png"},
        {"file": "HOVER/11.png"},
        {"file": "HOVER/12.png"},
        {"file": "HOVER/13.png"},
        {"file": "HOVER/14.png"},
        {"file": "HOVER/15.png"},
        {"file": "HOVER/16.png"},
        {"file": "HOVER/17.png"},
        {"file": "HOVER/18.png"},
        {"file": "HOVER/19.png"},
        {"file": "HOVER/20.png"}]]
},
{
"name": "HOLD",
"rotatable": false,
"fp_offset_x": 35,"fp_offset_y": 33,
"td_offset_x": 35,"td_offset_y": 33,
"fp":[[{"file": "HOLD/1.png"}]],
"td":[[{"file": "HOLD/1.png"}]]
},
{
    "name": "SLAP",
    "rotatable": false,
    "fp_offset_x": 35,"fp_offset_y": 33,
    "td_offset_x": 35,"td_offset_y": 33,
    "fp":[[{"file": "SLAP/1.png"},
        {"file": "SLAP/2.png"},
        {"file": "SLAP/3.png"},
        {"file": "SLAP/4.png"},
        {"file": "SLAP/5.png"},
        {"file": "SLAP/6.png"},
        {"file": "SLAP/7.png"},
        {"file": "SLAP/8.png"},
        {"file": "SLAP/9.png"},
        {"file": "SLAP/10.png"},
        {"file": "SLAP/11.png"},
        {"file": "SLAP/12.png"},
        {"file": "SLAP/13.png"},
        {"file": "SLAP/14.png"},
        {"file": "SLAP/15.png"}]],

    "td":[[{"file": "SLAP/1.png"},
        {"file": "SLAP/2.png"},
        {"file": "SLAP/3.png"},
        {"file": "SLAP/4.png"},
        {"file": "SLAP/5.png"},
        {"file": "SLAP/6.png"},
        {"file": "SLAP/7.png"},
        {"file": "SLAP/8.png"},
        {"file": "SLAP/9.png"},
        {"file": "SLAP/10.png"},
        {"file": "SLAP/11.png"},
        {"file": "SLAP/12.png"},
        {"file": "SLAP/13.png"},
        {"file": "SLAP/14.png"},
        {"file": "SLAP/15.png"}]]
    },
{
"name": "HOLD_GOLD",
"rotatable": false,
"fp_offset_x": 35,"fp_offset_y": 50,
"td_offset_x": 35,"td_offset_y": 50,
"fp":[[{"file": "HOLD_GOLD/1.png"}]],
"td":[[{"file": "HOLD_GOLD/1.png"}]]
}



]