[

{
"name": "DMAIDEN_SPIDERLING_STAND",
"rotatable": true,
"fp_offset_x": 33,
"fp_offset_y": 39,
"td_offset_x": 33,
"td_offset_y": 35,

	"fp":
	[
	[{"file": "STAND_FP/1A.png"}],
	[{"file": "STAND_FP/2A.png"}],
	[{"file": "STAND_FP/3A.png"}],
	[{"file": "STAND_FP/4A.png"}],
	[{"file": "STAND_FP/5A.png"}]
	],
		"td":
		[
		[{"file": "STAND_TD/1A.png"}],
		[{"file": "STAND_TD/2A.png"}],
		[{"file": "STAND_TD/3A.png"}],
		[{"file": "STAND_TD/4A.png"}],
		[{"file": "STAND_TD/5A.png"}]
		]
},





{
"name": "DMAIDEN_SPIDERLING_EAT",
"rotatable": false,
"fp_offset_x": 38,
"fp_offset_y": 38,
"td_offset_x": 37,
"td_offset_y": 34,

	"fp":
	[
	[
	{"file": "EAT_FP/1A.png"},
	{"file": "EAT_FP/1B.png"},
	{"file": "EAT_FP/1C.png"},
	{"file": "EAT_FP/1D.png"},
	{"file": "EAT_FP/1E.png"},
	{"file": "EAT_FP/1F.png"},
	{"file": "EAT_FP/1G.png"}
	]
	],
		"td":
		[
		[
		{"file": "EAT_TD/1A.png"},
		{"file": "EAT_TD/1B.png"},
		{"file": "EAT_TD/1C.png"},
		{"file": "EAT_TD/1D.png"},
		{"file": "EAT_TD/1E.png"},
		{"file": "EAT_TD/1F.png"},
		{"file": "EAT_TD/1G.png"}
		]
		]
},





{
"name": "DMAIDEN_SPIDERLING_HIT",
"rotatable": true,
"fp_offset_x": 33,
"fp_offset_y": 40,
"td_offset_x": 34,
"td_offset_y": 36,

	"fp":
	[
		[{"file": "HIT_FP/1A.png"}],
		[{"file": "HIT_FP/2A.png"}],
		[{"file": "HIT_FP/3A.png"}],
		[{"file": "HIT_FP/4A.png"}],
		[{"file": "HIT_FP/5A.png"}]
		],
			"td":
			[
			[{"file": "HIT_TD/1A.png"}],
			[{"file": "HIT_TD/2A.png"}],
			[{"file": "HIT_TD/3A.png"}],
			[{"file": "HIT_TD/4A.png"}],
			[{"file": "HIT_TD/5A.png"}]
			]
},






{
"name": "DMAIDEN_SPIDERLING_WALK",
"rotatable": true,
"fp_offset_x": 40,
"fp_offset_y": 40,
"td_offset_x": 37,
"td_offset_y": 46,

	"fp":
	[
	[
	{"file": "WALK_FP/1A.png"},
	{"file": "WALK_FP/1B.png"},
	{"file": "WALK_FP/1C.png"},
	{"file": "WALK_FP/1D.png"},
	{"file": "WALK_FP/1E.png"},
	{"file": "WALK_FP/1F.png"}
	],
	[
	{"file": "WALK_FP/2A.png"},
	{"file": "WALK_FP/2B.png"},
	{"file": "WALK_FP/2C.png"},
	{"file": "WALK_FP/2D.png"},
	{"file": "WALK_FP/2E.png"},
	{"file": "WALK_FP/2F.png"}
	],
	[
	{"file": "WALK_FP/3A.png"},
	{"file": "WALK_FP/3B.png"},
	{"file": "WALK_FP/3C.png"},
	{"file": "WALK_FP/3D.png"},
	{"file": "WALK_FP/3E.png"},
	{"file": "WALK_FP/3F.png"}
	],
	[
	{"file": "WALK_FP/4A.png"},
	{"file": "WALK_FP/4B.png"},
	{"file": "WALK_FP/4C.png"},
	{"file": "WALK_FP/4D.png"},
	{"file": "WALK_FP/4E.png"},
	{"file": "WALK_FP/4F.png"}
	],
	[
	{"file": "WALK_FP/5A.png"},
	{"file": "WALK_FP/5B.png"},
	{"file": "WALK_FP/5C.png"},
	{"file": "WALK_FP/5D.png"},
	{"file": "WALK_FP/5E.png"},
	{"file": "WALK_FP/5F.png"}
	]
	],

		"td":
		[
		[
		{"file": "WALK_TD/1A.png"},
		{"file": "WALK_TD/1B.png"},
		{"file": "WALK_TD/1C.png"},
		{"file": "WALK_TD/1D.png"},
		{"file": "WALK_TD/1E.png"},
		{"file": "WALK_TD/1F.png"}
		],
		[
		{"file": "WALK_TD/2A.png"},
		{"file": "WALK_TD/2B.png"},
		{"file": "WALK_TD/2C.png"},
		{"file": "WALK_TD/2D.png"},
		{"file": "WALK_TD/2E.png"},
		{"file": "WALK_TD/2F.png"}
		],
		[
		{"file": "WALK_TD/3A.png"},
		{"file": "WALK_TD/3B.png"},
		{"file": "WALK_TD/3C.png"},
		{"file": "WALK_TD/3D.png"},
		{"file": "WALK_TD/3E.png"},
		{"file": "WALK_TD/3F.png"}
		],
		[
		{"file": "WALK_TD/4A.png"},
		{"file": "WALK_TD/4B.png"},
		{"file": "WALK_TD/4C.png"},
		{"file": "WALK_TD/4D.png"},
		{"file": "WALK_TD/4E.png"},
		{"file": "WALK_TD/4F.png"}
		],
		[
		{"file": "WALK_TD/5A.png"},
		{"file": "WALK_TD/5B.png"},
		{"file": "WALK_TD/5C.png"},
		{"file": "WALK_TD/5D.png"},
		{"file": "WALK_TD/5E.png"},
		{"file": "WALK_TD/5F.png"}
		]
		
		]
},
		




{
"name": "DMAIDEN_SPIDERLING_ATTACK",
"rotatable": true,
"fp_offset_x": 35,
"fp_offset_y": 35,
"td_offset_x": 42,
"td_offset_y": 46,

	"fp":
	[
	[
	{"file": "MELEE_FP/1A.png"},
	{"file": "MELEE_FP/1B.png"},
	{"file": "MELEE_FP/1C.png"},
	{"file": "MELEE_FP/1D.png"},
	{"file": "MELEE_FP/1E.png"},
	{"file": "MELEE_FP/1F.png"}
	],
	[
	{"file": "MELEE_FP/2A.png"},
	{"file": "MELEE_FP/2B.png"},
	{"file": "MELEE_FP/2C.png"},
	{"file": "MELEE_FP/2D.png"},
	{"file": "MELEE_FP/2E.png"},
	{"file": "MELEE_FP/2F.png"}
	],
	[
	{"file": "MELEE_FP/3A.png"},
	{"file": "MELEE_FP/3B.png"},
	{"file": "MELEE_FP/3C.png"},
	{"file": "MELEE_FP/3D.png"},
	{"file": "MELEE_FP/3E.png"},
	{"file": "MELEE_FP/3F.png"}
	],
	[
	{"file": "MELEE_FP/4A.png"},
	{"file": "MELEE_FP/4B.png"},
	{"file": "MELEE_FP/4C.png"},
	{"file": "MELEE_FP/4D.png"},
	{"file": "MELEE_FP/4E.png"},
	{"file": "MELEE_FP/4F.png"}
	],
	[
	{"file": "MELEE_FP/5A.png"},
	{"file": "MELEE_FP/5B.png"},
	{"file": "MELEE_FP/5C.png"},
	{"file": "MELEE_FP/5D.png"},
	{"file": "MELEE_FP/5E.png"},
	{"file": "MELEE_FP/5F.png"}
	]
	],
		"td":
		[
		[
		{"file": "MELEE_TD/1A.png"},
		{"file": "MELEE_TD/1B.png"},
		{"file": "MELEE_TD/1C.png"},
		{"file": "MELEE_TD/1D.png"},
		{"file": "MELEE_TD/1E.png"},
		{"file": "MELEE_TD/1F.png"}
		],

		[
		{"file": "MELEE_TD/2A.png"},
		{"file": "MELEE_TD/2B.png"},
		{"file": "MELEE_TD/2C.png"},
		{"file": "MELEE_TD/2D.png"},
		{"file": "MELEE_TD/2E.png"},
		{"file": "MELEE_TD/2F.png"}
		],
				
		[
		{"file": "MELEE_TD/3A.png"},
		{"file": "MELEE_TD/3B.png"},
		{"file": "MELEE_TD/3C.png"},
		{"file": "MELEE_TD/3D.png"},
		{"file": "MELEE_TD/3E.png"},
		{"file": "MELEE_TD/3F.png"}
		],

		[
		{"file": "MELEE_TD/4A.png"},
		{"file": "MELEE_TD/4B.png"},
		{"file": "MELEE_TD/4C.png"},
		{"file": "MELEE_TD/4D.png"},
		{"file": "MELEE_TD/4E.png"},
		{"file": "MELEE_TD/4F.png"}
		],

		[
		{"file": "MELEE_TD/5A.png"},
		{"file": "MELEE_TD/5B.png"},
		{"file": "MELEE_TD/5C.png"},
		{"file": "MELEE_TD/5D.png"},
		{"file": "MELEE_TD/5E.png"},
		{"file": "MELEE_TD/5F.png"}
		]
		]
},





{
"name": "DMAIDEN_SPIDERLING_GRAB",
"rotatable": false,
"fp_offset_x": 28,
"fp_offset_y": 12,
"td_offset_x": 28,
"td_offset_y": 12,

	"fp":
	[
	[
	{"file": "GRAB/1A.png"},
	{"file": "GRAB/1A.png"},
	{"file": "GRAB/1B.png"},
	{"file": "GRAB/1B.png"},
	{"file": "GRAB/1C.png"},
	{"file": "GRAB/1C.png"},
	{"file": "GRAB/1D.png"},
	{"file": "GRAB/1D.png"}
	]
	],
		"td":
		[
		[
		{"file": "GRAB/1A.png"},
		{"file": "GRAB/1A.png"},
		{"file": "GRAB/1B.png"},
		{"file": "GRAB/1B.png"},
		{"file": "GRAB/1C.png"},
		{"file": "GRAB/1C.png"},
		{"file": "GRAB/1D.png"},
		{"file": "GRAB/1D.png"}
		]
		]
},






{
"name": "DMAIDEN_SPIDERLING_CHEER",
"rotatable": false,
"fp_offset_x": 39,
"fp_offset_y": 39,
"td_offset_x": 42,
"td_offset_y": 38,

	"fp":
	[
	[
	{"file": "CHEER_FP/1A.png"},
	{"file": "CHEER_FP/1B.png"},
	{"file": "CHEER_FP/1C.png"}
	]],
		"td":
		[
		[
		{"file": "CHEER_TD/1A.png"},
		{"file": "CHEER_TD/1B.png"},
		{"file": "CHEER_TD/1C.png"}
		]]
},




{
"name": "DMAIDEN_SPIDERLING_LAIR",
"rotatable": false,
"fp_offset_x": 31,"fp_offset_y": 22,
"td_offset_x": 33,"td_offset_y": 29,
"fp":[[{"file": "LAIR_FP/1A.png"}]],
"td":[[{"file": "LAIR_TD/1A.png"}]]
},


{
"name": "DMAIDEN_SPIDERLING_SLEEP",
"rotatable": false,
"fp_offset_x": 34,"fp_offset_y": 33,
"td_offset_x": 32,"td_offset_y": 32,
"fp":[[{"file": "SLEEP_FP/1A.png"}]],
"td":[[{"file": "SLEEP_TD/1A.png"}]]
},




{
"name": "DMAIDEN_SPIDERLING_MOAN",
"rotatable": false,
"fp_offset_x": 37,
"fp_offset_y": 38,
"td_offset_x": 38,
"td_offset_y": 35,

	"fp":
	[[
	{"file": "MOAN_FP/1A.png"},
	{"file": "MOAN_FP/1B.png"},
	{"file": "MOAN_FP/1C.png"},
	{"file": "MOAN_FP/1B.png"}
	]],
		"td":
		[[
		{"file": "MOAN_TD/1A.png"},
		{"file": "MOAN_TD/1B.png"},
		{"file": "MOAN_TD/1C.png"},
		{"file": "MOAN_TD/1B.png"}
		]]
},





{
"name": "DMAIDEN_SPIDERLING_DEAD",
"rotatable": false,
"fp_offset_x": 27,
"fp_offset_y": 31,
"td_offset_x": 27,
"td_offset_y": 25,

	"fp":
	[
	[
	{"file": "DEAD_FP/1A.png"}
	]],
		"td":
		[
		[
		{"file": "DEAD_TD/1A.png"}
		]]
}







]